pct_caida_ath,pct_caida,pct_venta,floor_pct,pendiente,last_op_on_sell,pnl_pct,portfolio_final,usdt_final,btc_libre,btc_en_pos,btc_total,n_pos_final,total_compras,total_ventas,total_trades,max_drawdown,btc_libre_usd,btc_total_usd,pnl_norm,btcl_norm,btct_norm,combo_score
0.4,0.02,0.05,30,96,True,73.5526,1735.53,1000.0,0.01159051,0.0,0.01159051,0,153,153,306,62.51,735.5256512430001,735.5256512430001,1.0,1.0,0.45038141025641026,0.8900762820512821
0.4,0.02,0.06,30,96,True,73.2108,1732.11,1000.0,0.01153666,0.0,0.01153666,0,140,140,280,62.88,732.1083679380001,732.1083679380001,0.9951584756422316,0.9951576005438595,0.4331217948717951,0.8827508769586326
0.4,0.02,0.05,30,91,True,73.1069,1731.07,1000.0,0.01152028,-0.0,0.01152028,0,166,166,332,62.44,731.0689046040001,731.0689046040001,0.9936867542239396,0.9936846478402089,0.4278717948717951,0.8805231304383915
0.4,0.02,0.06,30,91,True,73.0815,1730.81,1000.0,0.01151628,0.0,0.01151628,0,147,147,294,62.81,730.815067404,730.815067404,0.9933269686221629,0.9933249524302821,0.42658974358974366,0.8799789187581148
0.4,0.02,0.06,30,86,True,72.8929,1728.93,1000.0,0.01148656,-0.0,0.01148656,0,158,158,316,62.74,728.929057008,728.929057008,0.9906554897050325,0.9906524155345253,0.41706410256410253,0.8759362900256943
0.4,0.02,0.06,25,96,True,72.768,1727.68,1000.0,0.01146688,0.0,0.01146688,0,165,165,330,62.69,727.680177984,727.680177984,0.9888863077498385,0.9888827141176851,0.4107564102564104,0.873259250161507
0.4,0.02,0.06,30,81,True,72.6387,1726.39,1000.0,0.0114465,0.0,0.0114465,0,170,170,340,62.65,726.38687745,726.38687745,0.9870548007297699,0.9870500660041077,0.40422435897435904,0.870487291960989
0.4,0.02,0.05,30,86,True,72.6089,1726.09,1000.0,0.01144181,0.0,0.01144181,0,179,179,358,62.36,726.089253333,726.089253333,0.9866326900631184,0.9866283231359685,0.4027211538461539,0.8698490727415805
0.4,0.02,0.06,25,91,True,72.519,1725.19,1000.0,0.01142764,0.0,0.01142764,0,173,173,346,62.61,725.190035052,725.190035052,0.9853592756694279,0.9853541021463025,0.398179487179487,0.8679217659145021
0.4,0.02,0.05,25,96,True,72.3236,1723.24,1000.0,0.01139684,0.0,0.01139684,0,190,190,380,62.32,723.235488612,723.235488612,0.9825914761974911,0.9825844474898656,0.38830769230769235,0.8637326108072436
0.4,0.025,0.05,30,96,True,72.3118,1723.12,1000.0,0.01139499,-0.0,0.01139499,0,158,158,316,62.23,723.1180889070001,723.1180889070001,0.9824243317053272,0.9824180883627744,0.38771474358974384,0.8634805410794447
0.4,0.02,0.06,30,76,True,72.3109,1723.11,1000.0,0.01139485,-0.0,0.01139485,0,184,184,368,62.55,723.1092046050001,723.1092046050001,0.9824115833966028,0.9824054990234269,0.3876698717948717,0.8634614157643038
0.4,0.02,0.06,25,86,True,72.2116,1722.12,1000.0,0.01137921,-0.0,0.01137921,0,186,186,372,62.52,722.1167011530001,722.1167011530001,0.98100502000068,0.9809990899706129,0.3826570512820515,0.8613336472479342
0.4,0.02,0.05,30,81,True,72.0497,1720.5,1000.0,0.01135368,0.0,0.01135368,0,198,198,396,62.28,720.496585224,720.496585224,0.9787117409090395,0.9787033340167546,0.3744743589743589,0.8578617424544178
0.4,0.03,0.06,30,96,True,71.9853,1719.85,1000.0,0.01134354,0.0,0.01134354,0,129,129,258,62.1,719.8531079219999,719.8531079219999,0.9777995285958729,0.9777915061525899,0.37122435897435874,0.8564820879385852
0.4,0.02,0.06,20,96,True,71.9726,1719.73,1000.0,0.01134153,-0.0,0.01134153,0,200,200,400,62.45,719.7255547290001,719.7255547290001,0.9776196357949846,0.9776107592091018,0.3705801282051285,0.8562090713012486
0.4,0.025,0.05,30,91,True,71.9268,1719.27,1000.0,0.01133432,0.0,0.01133432,0,169,169,338,62.14,719.2680131760001,719.2680131760001,0.9769708885287886,0.9769624082327085,0.36826923076923085,0.8552280128880531
0.4,0.02,0.06,30,71,True,71.8992,1718.99,1000.0,0.01132997,-0.0,0.01132997,0,202,202,404,62.43,718.991965221,718.991965221,0.9765799403945743,0.976571239474413,0.366875,0.854636342039611
0.4,0.02,0.06,25,81,True,71.8386,1718.39,1000.0,0.01132042,0.0,0.01132042,0,207,207,414,62.41,718.385928906,718.385928906,0.9757215542737997,0.9757124666832127,0.3638141025641024,0.8533373376546841
0.4,0.02,0.05,25,91,True,71.8103,1718.1,1000.0,0.01131596,-0.0,0.01131596,0,208,208,416,62.25,718.102900428,718.102900428,0.9753206907883554,0.9753114063011442,0.3623846153846154,0.852730690361444
0.4,0.02,0.06,20,91,True,71.614,1716.14,1000.0,0.01128504,0.0,0.01128504,0,217,217,434,62.35,716.140738872,716.140738872,0.9725401430076944,0.9725309607824094,0.3524743589743589,0.8485242315334418
0.4,0.03,0.06,30,91,True,71.5198,1715.2,1000.0,0.01127018,-0.0,0.01127018,0,137,137,274,61.99,715.197733674,715.197733674,0.9712058200278764,0.971194692334531,0.3477115384615383,0.8465036254066052
0.4,0.025,0.05,30,86,True,71.4819,1714.82,1000.0,0.01126422,-0.0,0.01126422,0,180,180,360,62.05,714.819516246,714.819516246,0.9706689745827053,0.97065874617374,0.34580128205128213,0.8456923675537311
0.4,0.02,0.05,30,76,True,71.4177,1714.18,1000.0,0.01125409,-0.0,0.01125409,0,218,218,436,62.19,714.176673537,714.176673537,0.9697595952270331,0.9697478175481002,0.3425544871794871,0.8443150403138441
0.4,0.02,0.06,25,76,True,71.3903,1713.9,1000.0,0.01124977,-0.0,0.01124977,0,217,217,434,62.29,713.902529361,713.902529361,0.9693714800503133,0.9693593465053791,0.34116987179487157,0.8437275183357446
0.4,0.02,0.06,30,66,True,71.3898,1713.9,1000.0,0.01124969,-0.0,0.01124969,0,217,217,434,62.29,713.897452617,713.897452617,0.9693643976565774,0.9693521525971807,0.3411442307692307,0.8437166907612891
0.4,0.02,0.05,25,86,True,71.2383,1712.38,1000.0,0.01122582,0.0,0.01122582,0,219,219,438,62.17,712.382679126,712.382679126,0.9672184323546409,0.9672056702384421,0.33349358974358956,0.840469635197571
0.4,0.025,0.05,25,96,True,71.2197,1712.2,1000.0,0.01122289,0.0,0.01122289,0,189,189,378,61.99,712.196743377,712.196743377,0.9669549673076706,0.9669421933506706,0.332554487179487,0.840071039094934
0.4,0.02,0.06,20,86,True,71.1953,1711.95,1000.0,0.01121905,0.0,0.01121905,0,230,230,460,62.24,711.953059665,711.953059665,0.9666093464933653,0.9665968857571408,0.33132371794871784,0.8395484825635684
0.4,0.025,0.06,30,96,True,71.0286,1710.29,1000.0,0.01119277,-0.0,0.01119277,0,138,138,276,62.36,710.285349261,710.285349261,0.9642480764218614,0.9642336869139212,0.3229006410256409,0.8359742724902353
0.4,0.03,0.06,30,86,True,70.9794,1709.79,1000.0,0.01118503,-0.0,0.01118503,0,147,147,294,61.89,709.794174279,709.794174279,0.9635511688782622,0.9635376762957129,0.32041987179487197,0.8349208616868193
0.4,0.025,0.05,30,81,True,70.9631,1709.63,1000.0,0.01118245,0.0,0.01118245,0,195,195,390,61.94,709.630449285,709.630449285,0.9633202828424762,0.96330567275631,0.3195929487179488,0.8345704329917208
0.4,0.02,0.06,25,71,True,70.8545,1708.55,1000.0,0.01116535,-0.0,0.01116535,0,228,228,456,62.15,708.5452952549999,708.5452952549999,0.9617819869230683,0.9617679748788724,0.3141121794871793,0.8322438218226318
0.4,0.02,0.05,20,96,True,70.8223,1708.22,1000.0,0.01116028,0.0,0.01116028,0,233,233,466,62.11,708.223556604,708.223556604,0.961325880766485,0.9613120609467902,0.31248717948717947,0.8315539945647155
0.4,0.025,0.06,30,91,True,70.7855,1707.86,1000.0,0.01115447,0.0,0.01115447,0,146,146,292,62.27,707.854858071,707.854858071,0.9608046165875327,0.9607896033638714,0.31062499999999993,0.8307641893029277
0.4,0.02,0.06,30,61,True,70.7642,1707.64,1000.0,0.01115111,-0.0,0.01115111,0,232,232,464,62.13,707.6416348230001,707.6416348230001,0.9605029066143892,0.9604874592195329,0.3095480769230772,0.8303073064576699
0.4,0.02,0.06,15,96,True,70.7537,1707.54,1000.0,0.01114947,0.0,0.01114947,0,232,232,464,62.13,707.537561571,707.537561571,0.960354176345938,0.9603399841014628,0.3090224358974359,0.8300835705828951
0.4,0.02,0.035,30,96,True,70.7517,1707.52,1000.0,0.01114915,0.0,0.01114915,0,244,244,488,61.63,707.517254595,707.517254595,0.9603258467709951,0.9603112084686687,0.30891987179487185,0.8300402602850725
0.4,0.025,0.05,25,91,True,70.7349,1707.35,1000.0,0.0111465,0.0,0.0111465,0,202,202,404,61.9,707.3490874500001,707.3490874500001,0.9600878783414734,0.9600729102595922,0.30807051282051295,0.829679914812717
0.4,0.02,0.06,20,81,True,70.7075,1707.08,1000.0,0.01114219,-0.0,0.01114219,0,232,232,464,62.12,707.075577867,707.075577867,0.9596997631647535,0.9596853384553959,0.30668910256410253,0.829093303631816
0.4,0.02,0.05,30,71,True,70.6985,1706.98,1000.0,0.01114076,-0.0,0.01114076,0,233,233,466,62.1,706.984831068,706.984831068,0.9595722800775097,0.9595567473463471,0.30623076923076914,0.8288993180888128
0.4,0.025,0.055,30,96,True,70.6901,1706.9,1000.0,0.01113943,-0.0,0.01113943,0,149,149,298,62.3,706.9004301990001,706.9004301990001,0.959453295862749,0.9594371486225465,0.3058044871794874,0.828718689954036
0.4,0.03,0.06,25,96,True,70.6612,1706.61,1000.0,0.01113489,-0.0,0.01113489,0,155,155,310,61.83,706.6123249770001,706.6123249770001,0.9590439335048216,0.9590288943322794,0.30434935897435894,0.8281005068469665
0.4,0.02,0.05,25,81,True,70.5973,1705.97,1000.0,0.01112481,-0.0,0.01112481,0,238,238,476,62.08,705.9726552330001,705.9726552330001,0.958138803585391,0.9581224618992638,0.30111858974359,0.8267298583111926
0.4,0.025,0.06,30,86,True,70.4901,1704.9,1000.0,0.01110792,0.0,0.01110792,0,155,155,310,62.17,704.900827656,704.900827656,0.9566203383684431,0.9566036480308475,0.29570512820512834,0.8244322892345014
0.4,0.035,0.06,30,96,True,70.4141,1704.14,1000.0,0.01109595,0.0,0.01109595,0,125,125,250,61.77,704.141219835,704.141219835,0.955543814520607,0.9555272595166413,0.29186858974358987,0.8228038030640138
0.4,0.02,0.035,30,91,True,70.3994,1703.99,1000.0,0.01109364,-0.0,0.01109364,0,267,267,534,61.56,703.994628852,703.994628852,0.9553355921447755,0.9553195354174085,0.2911282051282052,0.8224892977232514
0.4,0.025,0.05,30,76,True,70.3533,1703.53,1000.0,0.01108636,0.0,0.01108636,0,210,210,420,61.83,703.532645148,703.532645148,0.954682595442338,0.9546648897713417,0.28879487179487184,0.8214997390115459
0.4,0.03,0.06,30,81,True,70.3507,1703.51,1000.0,0.01108596,-0.0,0.01108596,0,164,164,328,61.78,703.5072614280001,703.5072614280001,0.9546457669949121,0.954628920230349,0.2886666666666669,0.8214448928998941
0.4,0.025,0.06,25,96,True,70.3106,1703.11,1000.0,0.01107964,0.0,0.01107964,0,162,162,324,62.12,703.106198652,703.106198652,0.9540777590173036,0.9540606014826645,0.28664102564102567,0.8205852650816563
0.4,0.025,0.055,30,91,True,70.3051,1703.05,1000.0,0.01107878,-0.0,0.01107878,0,158,158,316,62.21,703.051623654,703.051623654,0.9539998526862102,0.9539832669695302,0.28636538461538463,0.8204679833570411
0.4,0.02,0.06,15,91,True,70.2843,1702.84,1000.0,0.01107548,0.0,0.01107548,0,245,245,490,62.01,702.8422079640001,702.8422079640001,0.9537052251068026,0.9536865182563405,0.2853076923076925,0.820020106491842
0.4,0.04,0.06,20,16,True,70.2838,1702.84,1000.0,0.01107541,-0.0,0.01107541,0,176,176,352,39.38,702.837765813,702.837765813,0.9536981427130667,0.9536802235866669,0.28528525641025676,0.8200101897145848
0.4,0.02,0.05,20,91,True,70.2302,1702.3,1000.0,0.01106696,0.0,0.01106696,0,250,250,500,62.03,702.3015347280001,702.3015347280001,0.9529389101045928,0.9529203670331964,0.28257692307692334,0.8188609497776399
0.4,0.02,0.06,25,66,True,70.2156,1702.16,1000.0,0.01106467,0.0,0.01106467,0,248,248,496,62.0,702.156212931,702.156212931,0.9527321042075084,0.9527144414110131,0.2818429487179489,0.818548974270648
0.4,0.025,0.05,25,86,True,70.176,1701.76,1000.0,0.01105843,0.0,0.01105843,0,221,221,442,61.79,701.760226899,701.760226899,0.952171178623636,0.9521533165715271,0.27984294871794857,0.8177001740268659
0.4,0.02,0.06,20,76,True,70.14,1701.4,1000.0,0.01105276,0.0,0.01105276,0,251,251,502,61.98,701.4004126680001,701.4004126680001,0.951661246274661,0.9516434483279559,0.2780256410256411,0.8169287858408454
0.4,0.025,0.06,30,81,True,70.132,1701.32,1000.0,0.01105149,-0.0,0.01105149,0,168,168,336,62.07,701.319819357,701.319819357,0.9515479279748887,0.9515292450353041,0.27761858974359,0.8167564554467537
0.4,0.04,0.06,15,16,True,70.0998,1701.0,1000.0,0.01104641,0.0,0.01104641,0,176,176,352,35.93,700.997446113,700.997446113,0.9510918218183055,0.9510724318646969,0.27599038461538455,0.8160657173916387
0.4,0.03,0.06,25,91,True,70.0757,1700.76,1000.0,0.01104262,-0.0,0.01104262,0,167,167,334,61.74,700.756935366,700.756935366,0.9507504504402415,0.9507316204637912,0.27477564102564095,0.8155498395643863
0.4,0.015,0.05,30,96,True,70.0721,1700.72,1000.0,0.01104206,0.0,0.01104206,0,170,170,340,62.79,700.7213981579999,700.7213981579999,0.9506994572053442,0.9506812631064014,0.2745961538461537,0.8154733383038233
0.4,0.02,0.035,30,86,True,70.0031,1700.03,1000.0,0.01103117,0.0,0.01103117,0,283,283,566,61.49,700.030326381,700.030326381,0.9497220868698086,0.9497019923528756,0.27110576923076923,0.8139927949869208
0.4,0.02,0.06,30,56,True,69.9981,1699.98,1000.0,0.01103039,-0.0,0.01103039,0,255,255,510,61.94,699.980828127,699.980828127,0.949651262932451,0.9496318517479397,0.2708557692307691,0.8138863408367611
0.4,0.025,0.06,25,91,True,69.971,1699.71,1000.0,0.01102612,0.0,0.01102612,0,175,175,350,62.02,699.709856916,699.709856916,0.9492673971919726,0.949247876897843,0.26948717948717965,0.813305497562775
0.4,0.02,0.05,25,76,True,69.8748,1698.75,1000.0,0.01101096,-0.0,0.01101096,0,259,259,518,61.99,698.747813928,698.747813928,0.9479047446372114,0.9478846312942201,0.2646282051282053,0.8112434027325127
0.4,0.02,0.05,30,66,True,69.874,1698.74,1000.0,0.01101083,0.0,0.01101083,0,259,259,518,61.99,698.7395642189999,698.7395642189999,0.9478934128072342,0.9478729411933974,0.2645865384615383,0.8112258964539439
0.4,0.025,0.055,30,86,True,69.8605,1698.61,1000.0,0.01100871,0.0,0.01100871,0,166,166,332,62.12,698.605030503,698.605030503,0.9477021881763686,0.9476823026261362,0.2639070512820513,0.8109371951324355
0.4,0.04,0.06,15,21,True,69.8495,1698.5,1000.0,0.01100698,-0.0,0.01100698,0,176,176,352,41.6,698.495245914,698.495245914,0.9475463755141819,0.9475267343613427,0.263352564102564,0.8107017208860066
0.4,0.02,0.045,30,96,True,69.819,1698.19,1000.0,0.01100216,0.0,0.01100216,0,183,183,366,62.42,698.189372088,698.189372088,0.9471143494963002,0.947093301392381,0.2618076923076925,0.8100467036274029
0.4,0.035,0.06,30,91,True,69.7997,1698.0,1000.0,0.01099912,-0.0,0.01099912,0,132,132,264,61.64,697.996455816,697.996455816,0.9468409690980997,0.9468199328808364,0.2608333333333332,0.8096331310799674
0.4,0.02,0.035,25,96,True,69.7746,1697.75,1000.0,0.01099517,0.0,0.01099517,0,291,291,582,61.44,697.745791581,697.745791581,0.9464854329325644,0.9464647336635338,0.25956730769230785,0.8090955981038039
0.4,0.025,0.05,20,96,True,69.7584,1697.58,1000.0,0.01099262,-0.0,0.01099262,0,229,229,458,61.72,697.583970366,697.583970366,0.9462559633755254,0.9462354278397053,0.25875000000000004,0.8087486100396742
0.4,0.02,0.06,15,86,True,69.7503,1697.5,1000.0,0.01099135,-0.0,0.01099135,0,264,264,528,61.88,697.5033770550001,697.5033770550001,0.9461412285970061,0.9461212245470536,0.25834294871794894,0.8085755714062088
0.4,0.015,0.05,30,91,True,69.7117,1697.12,1000.0,0.01098527,0.0,0.01098527,0,173,173,346,62.74,697.117544511,697.117544511,0.9455944678006051,0.9455744875239647,0.2563942307692309,0.807748426311338
0.4,0.04,0.06,25,11,True,69.6997,1697.0,1000.0,0.01098336,-0.0,0.01098336,0,176,176,352,34.65,696.996337248,696.996337248,0.9454244903509469,0.9454027329657245,0.2557820512820511,0.807489475321601
0.4,0.025,0.06,30,76,True,69.6978,1696.98,1000.0,0.01098307,0.0,0.01098307,0,183,183,366,61.95,696.977934051,696.977934051,0.9453975772547509,0.9453766550485049,0.25568910256410243,0.8074496056547474
0.4,0.025,0.05,30,71,True,69.6324,1696.32,1000.0,0.01097276,-0.0,0.01097276,0,231,231,462,61.69,696.323668668,696.323668668,0.944471200154113,0.9444495401294184,0.2523846153846154,0.8060473851928052
0.4,0.04,0.06,30,11,True,69.6243,1696.24,1000.0,0.01097148,0.0,0.01097148,0,176,176,352,37.65,696.2424407640001,696.2424407640001,0.9443564653755936,0.9443344375982419,0.2519743589743592,0.8058734357621413
0.4,0.03,0.06,30,76,True,69.6183,1696.18,1000.0,0.01097054,-0.0,0.01097054,0,175,175,350,61.66,696.1827890220001,696.1827890220001,0.9442714766507644,0.9442499091769091,0.2516730769230773,0.8057453264630704
0.4,0.025,0.055,25,96,True,69.6,1696.0,1000.0,0.01096766,0.0,0.01096766,0,170,170,340,62.07,696.000026238,696.000026238,0.9440122610400353,0.9439909284817617,0.25075000000000025,0.8053534090645461
0.4,0.02,0.05,20,86,True,69.572,1695.72,1000.0,0.01096325,0.0,0.01096325,0,260,260,520,61.95,695.7201707250001,695.7201707250001,0.9436156469908327,0.9435943642923174,0.24933653846153878,0.8047534404754193
0.4,0.025,0.06,25,86,True,69.5694,1695.69,1000.0,0.01096284,0.0,0.01096284,0,189,189,378,61.91,695.694152412,695.694152412,0.9435788185434066,0.9435574955127998,0.2492051282051282,0.8046976835665689
0.4,0.02,0.035,30,81,True,69.5545,1695.54,1000.0,0.01096048,-0.0,0.01096048,0,299,299,598,61.4,695.544388464,695.544388464,0.9433677632100809,0.9433452752209429,0.24844871794871798,0.8043772077610669
0.4,0.04,0.06,25,16,True,69.5486,1695.49,1000.0,0.01095957,-0.0,0.01095957,0,176,176,352,42.44,695.486640501,695.486640501,0.9432841909639987,0.9432634445151845,0.24815705128205137,0.804252539092965
0.4,0.025,0.05,25,81,True,69.5289,1695.29,1000.0,0.01095645,0.0,0.01095645,0,237,237,474,61.68,695.288647485,695.288647485,0.9430051446508095,0.9429828820954416,0.2471570512820512,0.8038288472104475
0.4,0.02,0.045,30,91,True,69.4834,1694.83,1000.0,0.01094928,0.0,0.01094928,0,198,198,396,62.35,694.833644304,694.833644304,0.9423606468208552,0.9423381280731477,0.24485897435897458,0.8028535567041668
0.4,0.02,0.06,20,71,True,69.4795,1694.8,1000.0,0.01094867,-0.0,0.01094867,0,276,276,552,61.82,694.7949341310001,694.7949341310001,0.9423054041497162,0.9422832745231339,0.24466346153846183,0.8027703767394906
0.4,0.02,0.06,25,61,True,69.4536,1694.54,1000.0,0.0109446,0.0,0.0109446,0,279,279,558,61.81,694.53665478,694.53665478,0.9419385361542035,0.9419172844435333,0.2433589743589746,0.8022162482819567
0.4,0.03,0.06,25,86,True,69.4071,1694.07,1000.0,0.01093726,-0.0,0.01093726,0,179,179,358,61.63,694.0708635180001,694.0708635180001,0.9412798735367774,0.9412572433663174,0.24100641025641056,0.8012183918295661
0.4,0.02,0.035,25,91,True,69.3613,1693.61,1000.0,0.01093005,-0.0,0.01093005,0,304,304,608,61.37,693.6133219650001,693.6133219650001,0.9406311262705814,0.9406088923899242,0.23869551282051296,0.8002373334163706
0.4,0.025,0.055,30,81,True,69.3467,1693.47,1000.0,0.01092775,-0.0,0.01092775,0,175,175,350,62.02,693.467365575,693.467365575,0.9404243203734971,0.9404020675292163,0.2379583333333334,0.7999244471121801
0.4,0.015,0.05,30,86,True,69.3208,1693.21,1000.0,0.01092366,-0.0,0.01092366,0,176,176,352,62.68,693.207817038,693.207817038,0.9400574523779847,0.940034278972566,0.23664743589743598,0.7993684970602493
0.4,0.025,0.06,20,96,True,69.2638,1692.64,1000.0,0.01091468,0.0,0.01091468,0,198,198,396,61.84,692.637952524,692.637952524,0.9392500594921075,0.9392267627772801,0.2337692307692307,0.7981469047330839
0.4,0.025,0.06,30,71,True,69.1708,1691.71,1000.0,0.01090002,-0.0,0.01090002,0,199,199,398,61.82,691.707639186,691.707639186,0.9379327342572552,0.9379084790998982,0.22907051282051286,0.7961530134226996
0.4,0.025,0.05,20,91,True,69.1497,1691.5,1000.0,0.0108967,-0.0,0.0108967,0,247,247,494,61.61,691.4969543100001,691.4969543100001,0.9376338572416059,0.9376099319096589,0.2280064102564105,0.7957011902449826
0.4,0.02,0.06,15,81,True,69.1427,1691.43,1000.0,0.0108956,-0.0,0.0108956,0,290,290,580,61.73,691.42714908,691.42714908,0.9375347037293054,0.937511015671929,0.22765384615384626,0.7955514257970006
0.4,0.025,0.055,25,91,True,69.123,1691.23,1000.0,0.01089249,0.0,0.01089249,0,183,183,366,61.98,691.229790657,691.229790657,0.9372556574161163,0.9372313524907108,0.2266570512820512,0.7951286447116817
0.4,0.02,0.045,30,86,True,69.1215,1691.21,1000.0,0.01089225,0.0,0.01089225,0,215,215,430,62.27,691.214560425,691.214560425,0.9372344102349088,0.9372097707661152,0.22658012820512802,0.7950961619883146
0.4,0.015,0.05,25,96,True,69.1015,1691.01,1000.0,0.0108891,0.0,0.0108891,0,184,184,368,62.65,691.0146636300001,691.0146636300001,0.9369511144854783,0.9369265106307979,0.22557051282051307,0.7946676129960811
0.4,0.035,0.06,30,86,True,69.1014,1691.01,1000.0,0.01088909,0.0,0.01088909,0,140,140,280,61.5,691.0140290370001,691.0140290370001,0.9369496980067311,0.936925611392273,0.22556730769230796,0.7946659939595091
0.4,0.025,0.06,25,81,True,69.0941,1690.94,1000.0,0.01088794,0.0,0.01088794,0,203,203,406,61.8,690.9410508420001,690.9410508420001,0.936846295058189,0.9368221989619191,0.22519871794871818,0.7945095508074138
0.4,0.02,0.06,30,51,True,69.0593,1690.59,1000.0,0.01088246,-0.0,0.01088246,0,292,292,584,61.71,690.593293878,690.593293878,0.9363533604541797,0.9363294162503192,0.2234423076923078,0.7937639666406471
0.4,0.02,0.05,25,71,True,69.0557,1690.56,1000.0,0.01088189,0.0,0.01088189,0,272,272,544,61.88,690.557122077,690.557122077,0.9363023672192823,0.9362781596544046,0.22325961538461547,0.7936865545828856
0.4,0.02,0.035,30,76,True,69.0429,1690.43,1000.0,0.01087988,-0.0,0.01087988,0,310,310,620,61.31,690.429568884,690.429568884,0.9361210579396467,0.9360974127109164,0.22261538461538463,0.7934128297061751
0.4,0.02,0.05,30,61,True,68.9212,1689.21,1000.0,0.01086069,0.0,0.01086069,0,278,278,556,61.86,689.2117849169999,689.2117849169999,0.9343972033043616,0.9343717739817922,0.21646474358974344,0.7908030825646671
0.4,0.02,0.045,25,96,True,68.9184,1689.18,1000.0,0.01086025,0.0,0.01086025,0,224,224,448,62.23,689.183862825,689.183862825,0.9343575418994414,0.9343322074867003,0.21632371794871808,0.7907431767854745
0.4,0.03,0.06,20,96,True,68.9131,1689.13,1000.0,0.01085942,0.0,0.01085942,0,188,188,376,61.55,689.131191606,689.131191606,0.9342824685258423,0.9342575706891404,0.21605769230769234,0.7906300439312017
0.4,0.02,0.05,15,96,True,68.9057,1689.06,1000.0,0.01085825,0.0,0.01085825,0,278,278,556,61.86,689.056944225,689.056944225,0.9341776490985529,0.9341523597817368,0.21568269230769235,0.790471070945336
0.4,0.02,0.035,25,86,True,68.8968,1688.97,1000.0,0.01085685,-0.0,0.01085685,0,315,315,630,61.28,688.968101205,688.968101205,0.9340515824900564,0.9340264663882624,0.2152339743589743,0.7902805260333018
0.4,0.015,0.05,30,81,True,68.8939,1688.94,1000.0,0.01085639,0.0,0.01085639,0,186,186,372,62.62,688.938909927,688.938909927,0.9340105046063889,0.9339851014161209,0.21508653846153872,0.7902180904203384
0.4,0.02,0.05,20,81,True,68.8373,1688.37,1000.0,0.01084747,0.0,0.01084747,0,278,278,556,61.85,688.372852971,688.372852971,0.9332087776355004,0.9331829806519839,0.2122275641025641,0.7890047958338582
0.4,0.025,0.06,20,91,True,68.8113,1688.11,1000.0,0.01084337,0.0,0.01084337,0,208,208,416,61.75,688.1126698410001,688.1126698410001,0.9328404931612406,0.9328142928568088,0.21091346153846155,0.7884472267453553
0.4,0.025,0.05,25,76,True,68.7774,1687.77,1000.0,0.01083803,-0.0,0.01083803,0,257,257,514,61.55,687.7737971790001,687.7737971790001,0.9323603068659558,0.9323340994845565,0.20920192307692326,0.7877207678937295
0.4,0.025,0.05,30,66,True,68.7765,1687.76,1000.0,0.01083789,-0.0,0.01083789,0,257,257,514,61.55,687.764912877,687.764912877,0.9323475585572314,0.9323215101452089,0.20915705128205117,0.7877016425785887
0.4,0.03,0.06,30,71,True,68.7651,1687.65,1000.0,0.0108361,0.0,0.0108361,0,194,194,388,61.53,687.65132073,687.65132073,0.9321860799800561,0.9321605464492667,0.2085833333333333,0.7874578705914747
0.4,0.01,0.045,30,96,False,68.7634,1687.63,1000.0,0.01083582,-0.0,0.01083582,0,126,126,252,59.29,687.633552126,687.633552126,0.9321619998413545,0.9321353677705718,0.20849358974358967,0.7874203282005667
0.4,0.025,0.055,30,76,True,68.7519,1687.52,1000.0,0.01083402,-0.0,0.01083402,0,192,192,384,61.9,687.519325386,687.519325386,0.9319991047854319,0.9319735048361047,0.2079166666666667,0.7871749371768807
0.4,0.02,0.045,30,81,True,68.7255,1687.26,1000.0,0.01082986,-0.0,0.01082986,0,231,231,462,62.19,687.2553346980001,687.2553346980001,0.9316251543961834,0.9315994216097808,0.20658333333333348,0.7866090703476927
0.4,0.015,0.05,25,91,True,68.7147,1687.15,1000.0,0.01082815,0.0,0.01082815,0,190,190,380,62.59,687.146819295,687.146819295,0.9314721746914909,0.9314456518220371,0.2060352564102565,0.7863768341744078
0.4,0.02,0.06,20,66,True,68.7099,1687.1,1000.0,0.0108274,-0.0,0.0108274,0,310,310,620,61.63,687.09922482,687.09922482,0.9314041837116277,0.9313782089326758,0.20579487179487163,0.7862745288945908
0.4,0.035,0.06,25,96,True,68.6975,1686.97,1000.0,0.01082544,-0.0,0.01082544,0,149,149,298,61.43,686.9748445920001,686.9748445920001,0.9312285403469808,0.9312019581818117,0.20516666666666689,0.7860081909613673
0.4,0.03,0.06,25,81,True,68.6438,1686.44,1000.0,0.01081699,0.0,0.01081699,0,197,197,394,61.51,686.438613507,686.438613507,0.9304678912597596,0.9304421016283412,0.20245833333333352,0.7848582427850489
0.35,0.04,0.06,20,16,True,68.6109,1686.11,1000.0,0.0108118,-0.0,0.0108118,0,190,190,380,42.01,686.10925974,686.10925974,0.9300018697519463,0.929975396833961,0.20079487179487185,0.7841525282851359
0.4,0.01,0.05,30,96,False,68.5932,1685.93,1000.0,0.010809,0.0,0.010809,0,125,125,250,60.94,685.9315737,685.9315737,0.9297511530137001,0.9297236100470121,0.19989743589743572,0.7837721467004408
0.4,0.025,0.055,25,86,True,68.581,1685.81,1000.0,0.01080708,0.0,0.01080708,0,201,201,402,61.87,685.809731844,685.809731844,0.9295783426065476,0.9295509562502473,0.19928205128205143,0.7835108684347583
0.4,0.02,0.045,25,91,True,68.5583,1685.58,1000.0,0.0108035,-0.0,0.0108035,0,235,235,470,62.15,685.5825475500001,685.5825475500001,0.9292568019309438,0.9292290288583628,0.1981346153846157,0.783024032699904
0.4,0.02,0.035,20,96,True,68.5564,1685.56,1000.0,0.0108032,-0.0,0.0108032,0,323,323,646,61.22,685.5635097600001,685.5635097600001,0.9292298888347479,0.9292020517026183,0.19803846153846186,0.7829832522358517
0.4,0.02,0.06,25,56,True,68.5436,1685.44,1000.0,0.0108012,-0.0,0.0108012,0,313,313,626,61.59,685.43659116,685.43659116,0.9290485795551123,0.9290222039976548,0.1973974358974361,0.7827104381563399
0.4,0.025,0.06,30,96,False,68.5314,1685.31,1000.0,0.01079927,-0.0,0.01079927,0,71,71,142,58.86,685.314114711,685.314114711,0.9288757691479598,0.928848650962365,0.19677884615384617,0.7824482490934587
0.4,0.025,0.06,25,76,True,68.5309,1685.31,1000.0,0.01079919,-0.0,0.01079919,0,217,217,434,61.7,685.309037967,685.309037967,0.928868686754224,0.9288414570541665,0.1967532051282053,0.7824374215190029
0.4,0.025,0.06,30,66,True,68.5303,1685.3,1000.0,0.01079909,0.0,0.01079909,0,217,217,434,61.7,685.302692037,685.302692037,0.928860187881741,0.9288324646689184,0.19672115384615418,0.7824240641107769
0.4,0.04,0.06,20,21,True,68.4886,1684.89,1000.0,0.01079252,0.0,0.01079252,0,176,176,352,44.86,684.885764436,684.885764436,0.9282695162441784,0.9282416649581134,0.1946153846153847,0.7815303345326002
0.4,0.04,0.06,30,96,True,68.4632,1684.63,1000.0,0.01078851,0.0,0.01078851,0,131,131,262,61.69,684.6312926429999,684.6312926429999,0.9279097306424015,0.9278810703096617,0.19333012820512813,0.7809852120551248
0.4,0.025,0.05,20,86,True,68.4566,1684.57,1000.0,0.01078749,-0.0,0.01078749,0,267,267,534,61.49,684.566564157,684.566564157,0.9278162430450893,0.9277893479801305,0.19300320512820532,0.7808455669422248
0.4,0.02,0.035,30,71,True,68.4545,1684.55,1000.0,0.01078716,0.0,0.01078716,0,323,323,646,61.2,684.545622588,684.545622588,0.9277864969913991,0.9277596731088115,0.19289743589743616,0.7808006376078303
0.4,0.02,0.06,15,76,True,68.4506,1684.51,1000.0,0.01078654,-0.0,0.01078654,0,318,318,636,61.57,684.5062778220001,684.5062778220001,0.9277312543202602,0.9277039203202728,0.1926987179487183,0.7807165468459556
0.35,0.04,0.06,15,16,True,68.4468,1684.47,1000.0,0.01078594,-0.0,0.01078594,0,190,190,380,38.52,684.4682022420001,684.4682022420001,0.9276774281278684,0.9276499660087838,0.1925064102564106,0.7806349859178514
0.4,0.015,0.05,30,76,True,68.4246,1684.25,1000.0,0.01078245,0.0,0.01078245,0,196,196,392,62.55,684.2467292850001,684.2467292850001,0.9273629698460004,0.9273361317636226,0.19138782051282086,0.7801598885546511
0.4,0.02,0.035,25,81,True,68.3711,1683.71,1000.0,0.01077401,0.0,0.01077401,0,335,335,670,61.19,683.711132793,683.711132793,0.9266051537162736,0.9265771744486769,0.18868269230769258,0.7790122676542783
0.4,0.035,0.06,30,81,True,68.3082,1683.08,1000.0,0.0107641,-0.0,0.0107641,0,156,156,312,61.35,683.08225113,683.08225113,0.9257141885843145,0.9256860290705831,0.1855064102564105,0.7776641850646142
0.4,0.015,0.05,25,86,True,68.2937,1682.94,1000.0,0.01076181,-0.0,0.01076181,0,189,189,378,62.53,682.9369293330001,682.9369293330001,0.9255087991659774,0.9254801034483999,0.18477243589743605,0.7773529177969959
0.4,0.025,0.06,20,86,True,68.2874,1682.87,1000.0,0.01076082,0.0,0.01076082,0,221,221,442,61.66,682.8741046260001,682.8741046260001,0.9254195610049067,0.925391078834443,0.18445512820512858,0.7772181297938121
0.4,0.02,0.045,30,76,True,68.2855,1682.85,1000.0,0.01076052,0.0,0.01076052,0,252,252,504,62.1,682.8550668360001,682.8550668360001,0.9253926479087108,0.9253641016786985,0.18435897435897475,0.7771773493297598
0.4,0.04,0.06,20,11,True,68.2766,1682.77,1000.0,0.01075912,-0.0,0.01075912,0,176,176,352,31.54,682.7662238160001,682.7662238160001,0.9252665813002142,0.9252382082852241,0.18391025641025668,0.7769868044177257
0.35,0.04,0.06,15,21,True,68.2287,1682.29,1000.0,0.01075157,0.0,0.01075157,0,190,190,380,44.22,682.2871061010001,682.2871061010001,0.924588087980328,0.9245592831989871,0.1814903846153848,0.7759599058729371
0.4,0.02,0.05,15,91,True,68.2202,1682.2,1000.0,0.01075023,0.0,0.01075023,0,300,300,600,61.77,682.202070639,682.202070639,0.92446768728682,0.9244387852366616,0.18106089743589737,0.7757776587015879
0.4,0.03,0.06,20,91,True,68.2027,1682.03,1000.0,0.01074747,0.0,0.01074747,0,205,205,410,61.43,682.0269229710001,682.0269229710001,0.9242198035060681,0.9241905954038121,0.18017628205128225,0.775402336784434
0.4,0.025,0.055,20,96,True,68.1815,1681.82,1000.0,0.01074413,-0.0,0.01074413,0,209,209,418,61.8,681.814968909,681.814968909,0.9239195100116718,0.923890249736523,0.17910576923076912,0.7749479837729466
0.4,0.02,0.045,25,86,True,68.1613,1681.61,1000.0,0.01074094,0.0,0.01074094,0,252,252,504,62.07,681.612533742,681.612533742,0.9236333813047469,0.9236033926471063,0.17808333333333318,0.774514375113172
0.4,0.02,0.05,25,66,True,68.1216,1681.22,1000.0,0.0107347,0.0,0.0107347,0,302,302,604,61.76,681.21654771,681.21654771,0.9230710392421273,0.9230422678076204,0.17608333333333337,0.7736648666300164
0.35,0.04,0.06,25,11,True,68.0826,1680.83,1000.0,0.01072854,0.0,0.01072854,0,190,190,380,37.22,680.825638422,680.825638422,0.9225186125307376,0.9224883368763331,0.17410897435897446,0.7728276022000636
0.4,0.02,0.035,20,91,True,68.0676,1680.68,1000.0,0.01072618,0.0,0.01072618,0,347,347,694,61.14,680.675874474,680.675874474,0.9223061407186647,0.9222761165844763,0.17335256410256425,0.7725064181551881
0.4,0.025,0.055,30,71,True,68.0619,1680.62,1000.0,0.01072528,0.0,0.01072528,0,211,211,422,61.78,680.6187611040001,680.6187611040001,0.9222254014300769,0.9221951851172427,0.17306410256410273,0.7723840767630318
0.4,0.04,0.06,30,91,True,68.0138,1680.14,1000.0,0.01071771,-0.0,0.01071771,0,143,143,286,61.56,680.138374203,680.138374203,0.9215440751526964,0.9215144615539561,0.17063782051282064,0.7713539401450992
0.4,0.02,0.05,20,76,True,68.0136,1680.14,1000.0,0.01071767,0.0,0.01071767,0,308,308,616,61.74,680.135835831,680.135835831,0.9215412421952021,0.9215108645998569,0.17062500000000022,0.7713488804775582
0.4,0.015,0.05,20,96,True,67.9934,1679.93,1000.0,0.01071449,0.0,0.01071449,0,200,200,400,62.49,679.934035257,679.934035257,0.9212551134882772,0.921224906748965,0.1696057692307694,0.770916182614982
0.35,0.04,0.06,30,11,True,67.9776,1679.78,1000.0,0.01071201,0.0,0.01071201,0,190,190,380,40.27,679.776656193,679.776656193,0.921031309846227,0.9210018955948103,0.1688108974358973,0.7705784030887359
0.4,0.035,0.06,25,91,True,67.9675,1679.67,1000.0,0.01071041,0.0,0.01071041,0,166,166,332,61.28,679.6751213130001,679.6751213130001,0.9208882454927647,0.9208580174308396,0.16829807692307705,0.7703611433602495
0.35,0.04,0.06,25,16,True,67.965,1679.65,1000.0,0.01071001,-0.0,0.01071001,0,190,190,380,45.06,679.649737593,679.649737593,0.9208528335240859,0.9208220478898469,0.16816987179487214,0.7703070054879715
0.4,0.025,0.055,25,81,True,67.9639,1679.64,1000.0,0.01070984,0.0,0.01070984,0,218,218,436,61.76,679.6389495120001,679.6389495120001,0.9208372522578671,0.920806760834925,0.16811538461538472,0.770283731302488
0.4,0.04,0.06,30,16,True,67.9611,1679.61,1000.0,0.01070941,0.0,0.01070941,0,176,176,352,45.23,679.6116620130001,679.6116620130001,0.9207975908529469,0.9207680935783579,0.16797756410256448,0.7702247363204936
0.4,0.01,0.05,30,91,False,67.9594,1679.59,1000.0,0.01070913,0.0,0.01070913,0,125,125,250,60.78,679.5938934090001,679.5938934090001,0.9207735107142453,0.920742914899663,0.16788782051282086,0.7701871939295857
0.4,0.04,0.06,15,26,True,67.9576,1679.58,1000.0,0.01070885,0.0,0.01070885,0,176,176,352,45.79,679.5761248050001,679.5761248050001,0.9207480140967965,0.9207177362209681,0.16779807692307724,0.7701489432993042
0.4,0.03,0.05,30,96,True,67.9198,1679.2,1000.0,0.01070288,0.0,0.01070288,0,147,147,294,62.2,679.197272784,679.197272784,0.9202125851303726,0.9201808908216522,0.1658846153846154,0.7693374828886052
0.4,0.02,0.06,30,46,True,67.9066,1679.07,1000.0,0.01070081,0.0,0.01070081,0,336,336,672,61.44,679.065912033,679.065912033,0.9200256099357486,0.919994748447015,0.1652211538461539,0.7690554602712095
0.4,0.015,0.05,30,71,True,67.9049,1679.05,1000.0,0.01070054,0.0,0.01070054,0,203,203,406,62.48,679.048778022,679.048778022,0.920001529797047,0.919970469006845,0.1651346153846154,0.7690188286775002
0.4,0.025,0.05,25,71,True,67.9032,1679.03,1000.0,0.01070027,0.0,0.01070027,0,279,279,558,61.4,679.031644011,679.031644011,0.9199774496583454,0.9199461895666748,0.1650480769230769,0.7689821970837905
0.4,0.01,0.06,30,96,False,67.8843,1678.84,1000.0,0.0106973,0.0,0.0106973,0,121,121,242,61.89,678.84316989,678.84316989,0.9197097351751334,0.9196791157248042,0.16409615384615392,0.7685778330742388
0.4,0.01,0.045,30,91,False,67.8834,1678.83,1000.0,0.01069716,-0.0,0.01069716,0,127,127,254,59.18,678.8342855880001,678.8342855880001,0.919696986866409,0.9196665263854569,0.1640512820512824,0.768558707759098
0.4,0.02,0.045,20,96,True,67.8737,1678.74,1000.0,0.01069562,-0.0,0.01069562,0,264,264,528,62.01,678.736558266,678.736558266,0.9195595884279353,0.9195280436526349,0.16355769230769224,0.7683497457712964
0.4,0.025,0.06,25,71,True,67.8632,1678.63,1000.0,0.01069398,0.0,0.01069398,0,235,235,470,61.59,678.632485014,678.632485014,0.9194108581594843,0.919380568534565,0.16303205128205156,0.7681260098965219
0.4,0.015,0.05,25,81,True,67.8328,1678.33,1000.0,0.01068918,0.0,0.01068918,0,205,205,410,62.47,678.327880374,678.327880374,0.9189802486203498,0.9189489340426527,0.1614935897435897,0.7674735224716887
0.4,0.02,0.06,20,61,True,67.812,1678.12,1000.0,0.01068591,0.0,0.01068591,0,340,340,680,61.42,678.120368463,678.120368463,0.9186856210409419,0.9186548830450374,0.1604455128205129,0.7670283779980847
0.4,0.02,0.05,30,56,True,67.8117,1678.12,1000.0,0.01068586,-0.0,0.01068586,0,311,311,622,61.71,678.117195498,678.117195498,0.9186813716047005,0.9186503868524134,0.16042948717948735,0.7670216992939718
0.4,0.02,0.045,30,71,True,67.788,1677.88,1000.0,0.01068212,-0.0,0.01068212,0,264,264,528,61.99,677.8798577160001,677.8798577160001,0.9183456661416252,0.9183140716441317,0.1592307692307693,0.766513208410206
0.4,0.03,0.06,25,76,True,67.7741,1677.74,1000.0,0.01067993,-0.0,0.01067993,0,215,215,430,61.36,677.7408818490001,677.7408818490001,0.918148775595771,0.9181171384071969,0.1585288461538465,0.7662152985508138
0.4,0.03,0.06,30,66,True,67.7731,1677.73,1000.0,0.01067977,-0.0,0.01067977,0,215,215,430,61.36,677.730728361,677.730728361,0.9181346108082995,0.9181027505907997,0.1584775641025642,0.7661936434019024
0.4,0.02,0.035,25,76,True,67.7719,1677.72,1000.0,0.01067959,-0.0,0.01067959,0,356,356,712,61.09,677.719305687,677.719305687,0.9181176130633336,0.9180865642973529,0.15841987179487166,0.766168750179847
0.4,0.02,0.035,30,66,True,67.7712,1677.71,1000.0,0.01067948,-0.0,0.01067948,0,356,356,712,61.09,677.712325164,677.712325164,0.9181076977121034,0.91807667267358,0.15838461538461546,0.7661537737350487
0.4,0.02,0.05,30,96,False,67.7653,1677.65,1000.0,0.01067854,0.0,0.01067854,0,89,89,178,59.24,677.652673422,677.652673422,0.9180241254660215,0.9179921442522472,0.15808333333333352,0.7660263726753517
0.4,0.025,0.05,30,61,True,67.7578,1677.58,1000.0,0.01067737,-0.0,0.01067737,0,289,289,578,61.37,677.5784260410001,677.5784260410001,0.9179178895599851,0.9178869333448436,0.15770833333333353,0.7658666914501123
0.4,0.025,0.06,30,61,True,67.751,1677.51,1000.0,0.0106763,-0.0,0.0106763,0,236,236,472,61.57,677.51052459,677.51052459,0.9178215690051788,0.9177907148226881,0.15736538461538463,0.7657210758724726
0.4,0.025,0.05,15,96,True,67.7411,1677.41,1000.0,0.01067473,0.0,0.01067473,0,288,288,576,61.37,677.410893489,677.410893489,0.9176813376092106,0.9176495343742919,0.1568621794871797,0.7655079650143288
0.4,0.025,0.06,15,96,True,67.7381,1677.38,1000.0,0.01067426,-0.0,0.01067426,0,236,236,472,61.57,677.381067618,677.381067618,0.917638843246796,0.9176072701636254,0.15671153846153846,0.7654439103647933
0.4,0.02,0.045,25,81,True,67.718,1677.18,1000.0,0.01067108,-0.0,0.01067108,0,268,268,536,61.98,677.179267044,677.179267044,0.9173541310186183,0.9173213123127335,0.15569230769230763,0.7650119207415907
0.4,0.025,0.06,20,81,True,67.6808,1676.81,1000.0,0.01066522,-0.0,0.01066522,0,244,244,488,61.55,676.807395546,676.807395546,0.9168272009246774,0.9167943585371907,0.15381410256410255,0.7642147285363164
0.4,0.025,0.05,20,81,True,67.667,1676.67,1000.0,0.01066305,-0.0,0.01066305,0,289,289,578,61.36,676.669688865,676.669688865,0.9166317268575703,0.9165992237773054,0.15311858974358997,0.7639193485106948
0.4,0.02,0.06,15,71,True,67.6617,1676.62,1000.0,0.01066221,-0.0,0.01066221,0,343,343,686,61.39,676.616383053,676.616383053,0.9165566534839711,0.9165236877412207,0.1528493589743591,0.7638053048592236
0.4,0.015,0.05,30,96,False,67.6146,1676.15,1000.0,0.01065479,-0.0,0.01065479,0,93,93,186,59.65,676.1455150470001,676.1455150470001,0.9158894919940621,0.9158564527558064,0.15047115384615423,0.7627959125930039
0.4,0.025,0.055,20,91,True,67.6072,1676.07,1000.0,0.01065362,0.0,0.01065362,0,228,228,456,61.69,676.071267666,676.071267666,0.9157846725667729,0.9157512418484028,0.1500961538461542,0.7626369396071382
0.4,0.015,0.05,20,91,True,67.5733,1675.73,1000.0,0.01064828,-0.0,0.01064828,0,212,212,424,62.43,675.732395004,675.732395004,0.9153044862714881,0.9152710484761504,0.14838461538461536,0.7619104807555123
0.4,0.01,0.06,30,91,False,67.5344,1675.34,1000.0,0.01064216,-0.0,0.01064216,0,121,121,242,61.74,675.344024088,675.344024088,0.9147534760388456,0.9147207144989622,0.14642307692307688,0.7610775677537268
0.4,0.02,0.035,20,86,True,67.5187,1675.19,1000.0,0.01063969,0.0,0.01063969,0,370,370,740,61.04,675.1872796170001,675.1872796170001,0.9145310888755425,0.9144986025833325,0.14563141025641047,0.760741407264053
0.4,0.04,0.06,30,86,True,67.5155,1675.16,1000.0,0.01063919,-0.0,0.01063919,0,152,152,304,61.41,675.1555499670001,675.1555499670001,0.9144857615556337,0.9144536406570916,0.1454711538461539,0.760673203744175
0.4,0.025,0.06,30,91,False,67.4827,1674.83,1000.0,0.01063401,0.0,0.01063401,0,71,71,142,58.68,674.826830793,674.826830793,0.9140211565265675,0.9139878351012362,0.14381089743589734,0.7599691082808341
0.4,0.02,0.045,20,91,True,67.4635,1674.64,1000.0,0.01063099,-0.0,0.01063099,0,274,274,548,61.93,674.635183707,674.635183707,0.9137491926071141,0.9137162650667414,0.1428429487179488,0.7595580655671692
0.4,0.02,0.05,15,86,True,67.4629,1674.63,1000.0,0.0106309,-0.0,0.0106309,0,320,320,640,61.67,674.62947237,674.62947237,0.9137406937346313,0.9137081719200182,0.14281410256410282,0.7595456189561416
0.4,0.02,0.06,25,51,True,67.4551,1674.55,1000.0,0.01062966,0.0,0.01062966,0,354,354,708,61.35,674.550782838,674.550782838,0.9136302083923533,0.9135966663429409,0.14241666666666705,0.7593774374323923
0.4,0.035,0.06,30,76,True,67.4087,1674.09,1000.0,0.01062235,-0.0,0.01062235,0,176,176,352,61.18,674.086895355,674.086895355,0.9129729622536743,0.9129393229812993,0.1400737179487178,0.7583830216109705
0.4,0.03,0.06,20,86,True,67.4085,1674.09,1000.0,0.01062232,0.0,0.01062232,0,220,220,440,61.3,674.084991576,674.084991576,0.9129701292961802,0.9129366252657249,0.14006410256410248,0.758378872740628
0.4,0.03,0.05,30,91,True,67.371,1673.71,1000.0,0.01061641,-0.0,0.01061641,0,155,155,310,62.09,673.709947113,673.709947113,0.9124389497659977,0.912405175297558,0.13816987179487183,0.7575750018312406
0.4,0.015,0.05,25,76,True,67.3247,1673.25,1000.0,0.01060911,-0.0,0.01060911,0,215,215,430,62.39,673.246694223,673.246694223,0.9117831201060661,0.9117487311744414,0.13583012820512824,0.7565822050463912
0.4,0.015,0.05,30,66,True,67.3241,1673.24,1000.0,0.01060902,-0.0,0.01060902,0,215,215,430,62.39,673.2409828860001,673.2409828860001,0.9117746212335831,0.9117406380277181,0.13580128205128225,0.7565697584353634
0.4,0.025,0.055,25,76,True,67.2601,1672.6,1000.0,0.01059893,0.0,0.01059893,0,237,237,474,61.63,672.600678549,672.600678549,0.9108680748354051,0.9108333063561775,0.13256730769230765,0.7551974908630174
0.4,0.025,0.055,30,66,True,67.2592,1672.59,1000.0,0.0105988,0.0,0.0105988,0,237,237,474,61.63,672.59242884,672.59242884,0.9108553265266809,0.910821616255355,0.13252564102564124,0.7551792763450752
0.4,0.01,0.05,30,86,False,67.2558,1672.56,1000.0,0.01059825,0.0,0.01059825,0,128,128,256,60.63,672.5575262250001,672.5575262250001,0.9108071662492775,0.91077215813649,0.13234935897435912,0.7551051023604576
0.4,0.04,0.06,25,96,True,67.232,1672.32,1000.0,0.01059451,0.0,0.01059451,0,163,163,326,61.32,672.320188443,672.320188443,0.9104700443074553,0.9104358429282083,0.13115064102564106,0.7545959032373184
0.4,0.02,0.045,25,76,True,67.2163,1672.16,1000.0,0.01059203,0.0,0.01059203,0,276,276,552,61.88,672.162809379,672.162809379,0.9102476571441523,0.9102128317740538,0.13035576923076952,0.7542588319504462
0.4,0.02,0.045,30,66,True,67.2157,1672.16,1000.0,0.01059194,0.0,0.01059194,0,276,276,552,61.88,672.157098042,672.157098042,0.9102391582716693,0.9102047386273303,0.13032692307692298,0.7542463853394182
0.4,0.025,0.06,15,91,True,67.1567,1671.57,1000.0,0.01058263,-0.0,0.01058263,0,253,253,506,61.46,671.5662919590001,671.5662919590001,0.9094034358108491,0.9093675475607257,0.12734294871794913,0.752980571917232
0.4,0.035,0.06,25,86,True,67.1539,1671.54,1000.0,0.0105822,-0.0,0.0105822,0,176,176,352,61.13,671.53900446,671.53900446,0.9093637744059287,0.9093288803041585,0.1272051282051283,0.7529215769352376
0.4,0.01,0.06,30,86,False,67.1387,1671.39,1000.0,0.01057981,0.0,0.01057981,0,121,121,242,61.59,671.3873367330001,671.3873367330001,0.9091484696363616,0.9091139622967271,0.12643910256410276,0.7525962440200195
0.4,0.015,0.05,20,86,True,67.1148,1671.15,1000.0,0.01057604,0.0,0.01057604,0,219,219,438,62.36,671.148095172,671.148095172,0.9088099312157921,0.9087749493728711,0.1252307692307694,0.7520836042659113
0.4,0.02,0.05,20,71,True,67.0863,1670.86,1000.0,0.01057154,-0.0,0.01057154,0,335,335,670,61.62,670.8625283220001,670.8625283220001,0.9084062347728534,0.9083702920367034,0.12378846153846192,0.7514718973051302
0.4,0.02,0.035,25,71,True,67.084,1670.84,1000.0,0.01057119,0.0,0.01057119,0,385,385,770,60.97,670.8403175669999,670.8403175669999,0.9083736557616691,0.9083388186883347,0.12367628205128199,0.7514237298975913
0.4,0.025,0.06,25,66,True,67.0719,1670.72,1000.0,0.01056927,0.0,0.01056927,0,263,263,526,61.45,670.7184757110001,670.7184757110001,0.9082022618332635,0.9081661648915699,0.1230608974358977,0.7511631598712822
0.35,0.04,0.06,20,21,True,67.0538,1670.54,1000.0,0.01056642,0.0,0.01056642,0,190,190,380,47.44,670.537616706,670.537616706,0.9079458791800288,0.907909881911997,0.12214743589743603,0.7507753913431007
0.4,0.02,0.05,25,61,True,67.0505,1670.51,1000.0,0.01056591,-0.0,0.01056591,0,339,339,678,61.61,670.505252463,670.505252463,0.9078991353813728,0.9078640207472312,0.12198397435897435,0.7507055687866506
0.4,0.015,0.06,30,96,False,67.0296,1670.3,1000.0,0.01056261,0.0,0.01056261,0,89,89,178,61.13,670.295836773,670.295836773,0.9076030913232178,0.9075672720340415,0.1209262820512822,0.7502569836820778
0.4,0.02,0.045,20,86,True,67.0047,1670.05,1000.0,0.01055869,0.0,0.01055869,0,281,281,562,61.84,670.0470763170001,670.0470763170001,0.9072503881151768,0.9072147705323133,0.11966987179487218,0.7497235995762569
0.4,0.025,0.05,15,91,True,66.9941,1669.94,1000.0,0.01055701,-0.0,0.01055701,0,303,303,606,61.25,669.9404646930001,669.9404646930001,0.9071002413679786,0.907063698460144,0.1191314102564105,0.7494955122733146
0.4,0.025,0.06,20,76,True,66.9786,1669.79,1000.0,0.01055458,0.0,0.01055458,0,265,265,530,61.43,669.786258594,669.786258594,0.9068806871621699,0.9068451834986133,0.11835256410256396,0.7491644114511817
0.4,0.02,0.035,30,61,True,66.9702,1669.7,1000.0,0.01055325,-0.0,0.01055325,0,390,390,780,60.95,669.7018577250001,669.7018577250001,0.9067617029474091,0.9067255847748127,0.11792628205128222,0.7489837833164048
0.4,0.025,0.055,20,86,True,66.9634,1669.63,1000.0,0.01055217,0.0,0.01055217,0,248,248,496,61.58,669.633321681,669.633321681,0.9066653823926025,0.9066284670141324,0.11758012820512821,0.7488372569415666
0.4,0.04,0.06,30,81,True,66.9618,1669.62,1000.0,0.01055192,0.0,0.01055192,0,168,168,336,61.23,669.617456856,669.617456856,0.9066427187326481,0.906605986051012,0.11749999999999992,0.7488031551816275
0.4,0.02,0.035,15,96,True,66.9571,1669.57,1000.0,0.01055119,0.0,0.01055119,0,390,390,780,60.95,669.5711315670001,669.5711315670001,0.9065761442315319,0.9065403416387003,0.11726602564102584,0.7487033797355812
0.4,0.01,0.045,30,86,False,66.931,1669.31,1000.0,0.01054707,0.0,0.01054707,0,130,130,260,59.07,669.309679251,669.309679251,0.9062064432785251,0.9061698553664757,0.11594551282051309,0.7481432808133079
0.4,0.025,0.04,30,96,True,66.9179,1669.18,1000.0,0.01054501,-0.0,0.01054501,0,195,195,390,62.23,669.178953093,669.178953093,0.9060208845626481,0.9059846122303634,0.1152852564102567,0.7478628772324845
0.4,0.01,0.06,25,96,False,66.9093,1669.09,1000.0,0.01054366,0.0,0.01054366,0,123,123,246,61.5,669.093283038,669.093283038,0.9058990673903929,0.905863215029513,0.11485256410256418,0.7476790110245632
0.4,0.02,0.035,20,81,True,66.8991,1668.99,1000.0,0.01054205,0.0,0.01054205,0,391,391,782,60.94,668.9911135650001,668.9911135650001,0.9057545865581834,0.9057184376270175,0.11433653846153882,0.7474601322595047
0.4,0.025,0.05,25,66,True,66.8859,1668.86,1000.0,0.01053998,-0.0,0.01053998,0,311,311,622,61.23,668.859752814,668.859752814,0.9055676113635592,0.9055322952523802,0.11367307692307678,0.7471781096421091
0.4,0.01,0.05,25,96,False,66.8555,1668.56,1000.0,0.01053518,-0.0,0.01053518,0,129,129,258,60.54,668.555148174,668.555148174,0.9051370018244247,0.905100660760468,0.11213461538461549,0.7465256222172758
0.4,0.025,0.06,30,56,True,66.8036,1668.04,1000.0,0.010527,0.0,0.010527,0,274,274,548,61.4,668.0360511,668.0360511,0.9044018493546524,0.9043650836471676,0.10951282051282062,0.7454130138740406
0.4,0.03,0.06,25,71,True,66.7859,1667.86,1000.0,0.01052421,-0.0,0.01052421,0,223,223,446,61.2,667.8589996530001,667.8589996530001,0.9041511326164062,0.9041141960987437,0.10861858974359015,0.7450335430865443
0.35,0.04,0.06,20,11,True,66.7848,1667.85,1000.0,0.01052404,-0.0,0.01052404,0,190,190,380,34.03,667.8482115720001,667.8482115720001,0.9041355513501876,0.9040989090438217,0.10856410256410275,0.7450102689010609
0.4,0.025,0.05,20,76,True,66.7672,1667.67,1000.0,0.01052127,0.0,0.01052127,0,311,311,622,61.21,667.672429311,667.672429311,0.9038862510906887,0.9038498199724473,0.10767628205128194,0.7446333279473349
0.4,0.02,0.06,20,56,True,66.7637,1667.64,1000.0,0.01052071,-0.0,0.01052071,0,354,354,708,61.2,667.636892103,667.636892103,0.9038366743345383,0.9037994626150576,0.10749679487179527,0.7445575349261455
0.4,0.03,0.05,30,86,True,66.7633,1667.63,1000.0,0.01052065,0.0,0.01052065,0,168,168,336,61.97,667.633084545,667.633084545,0.9038310084195497,0.9037940671839086,0.10747756410256407,0.7445492371854602
0.4,0.02,0.06,15,66,True,66.7618,1667.62,1000.0,0.01052041,-0.0,0.01052041,0,354,354,708,61.2,667.617854313,667.617854313,0.9038097612383423,0.903772485459313,0.10740064102564088,0.7445167544620932
0.4,0.015,0.05,25,71,True,66.7603,1667.6,1000.0,0.01052018,-0.0,0.01052018,0,229,229,458,62.31,667.603258674,667.603258674,0.9037885140571351,0.9037518029732423,0.10732692307692338,0.7444851825359249
0.4,0.04,0.06,25,21,True,66.7525,1667.53,1000.0,0.01051895,0.0,0.01051895,0,176,176,352,47.61,667.525203735,667.525203735,0.9036780287148571,0.9036411966346897,0.10693269230769216,0.744317911809374
0.4,0.025,0.045,30,96,True,66.7497,1667.5,1000.0,0.01051851,-0.0,0.01051851,0,163,163,326,62.36,667.4972816430001,667.4972816430001,0.903638367309937,0.9036016301395978,0.10679166666666681,0.7442580060301811
0.4,0.04,0.06,25,91,True,66.7274,1667.27,1000.0,0.01051499,0.0,0.01051499,0,168,168,336,61.15,667.2739049070001,667.2739049070001,0.9033224925493218,0.9032850981788622,0.1056634615384617,0.7437794680360118
0.4,0.015,0.055,30,86,True,66.7201,1667.2,1000.0,0.01051385,-0.0,0.01051385,0,158,158,316,62.81,667.201561305,667.201561305,0.9032190896007797,0.903182584987033,0.10529807692307704,0.7436239356811152
0.4,0.015,0.055,25,96,True,66.711,1667.11,1000.0,0.0105124,-0.0,0.0105124,0,162,162,324,62.78,667.10954532,667.10954532,0.9030901900347887,0.9030521954009345,0.10483333333333343,0.7434274203043414
0.4,0.015,0.055,30,91,True,66.6932,1666.93,1000.0,0.0105096,0.0,0.0105096,0,155,155,310,62.86,666.93185928,666.93185928,0.9028380568177956,0.9028004086139856,0.1039358974358973,0.7430463304802729
0.4,0.01,0.06,30,81,False,66.6873,1666.87,1000.0,0.01050868,0.0,0.01050868,0,125,125,250,61.42,666.8734767239999,666.8734767239999,0.9027544845717134,0.9027176786697024,0.10364102564102559,0.7429207510149726
0.4,0.015,0.055,30,81,True,66.6872,1666.87,1000.0,0.01050866,0.0,0.01050866,0,168,168,336,62.74,666.872207538,666.872207538,0.9027530680929664,0.9027158801926528,0.10363461538461537,0.7429182211812021
0.4,0.015,0.05,30,61,True,66.6686,1666.69,1000.0,0.01050572,0.0,0.01050572,0,228,228,456,62.3,666.685637196,666.685637196,0.9024896030459959,0.9024515040663565,0.10269230769230772,0.7425187142813664
0.4,0.015,0.05,15,96,True,66.658,1666.58,1000.0,0.01050406,0.0,0.01050406,0,228,228,456,62.3,666.580294758,666.580294758,0.9023394562987977,0.902302230471237,0.10216025641025682,0.7422924485728214
0.4,0.015,0.055,25,91,True,66.6555,1666.56,1000.0,0.01050366,0.0,0.01050366,0,169,169,338,62.72,666.554911038,666.554911038,0.9023040443301189,0.9022662609302442,0.10203205128205134,0.742238310700543
0.4,0.02,0.045,25,71,True,66.6414,1666.41,1000.0,0.01050144,-0.0,0.01050144,0,296,296,592,61.77,666.4140313920001,666.4140313920001,0.9021043208267704,0.9020666299777349,0.1013205128205132,0.7419362519708083
0.4,0.03,0.06,30,61,True,66.6241,1666.24,1000.0,0.01049871,-0.0,0.01049871,0,224,224,448,61.17,666.240787503,666.240787503,0.9018592700035128,0.9018211378604597,0.10044551282051284,0.7415650789239969
0.4,0.02,0.05,15,81,True,66.6239,1666.24,1000.0,0.01049869,-0.0,0.01049869,0,352,352,704,61.56,666.239518317,666.239518317,0.9018564370460187,0.9018193393834101,0.10043910256410263,0.7415618408508529
0.4,0.015,0.05,30,91,False,66.6229,1666.23,1000.0,0.01049853,0.0,0.01049853,0,101,101,202,59.52,666.229364829,666.229364829,0.9018422722585471,0.9018049515670131,0.10038782051282087,0.7415401857019417
0.4,0.02,0.05,30,91,False,66.6167,1666.17,1000.0,0.01049755,0.0,0.01049755,0,91,91,182,59.08,666.167174715,666.167174715,0.9017544505762235,0.9017168261915809,0.10007371794871796,0.7414070167353296
0.4,0.015,0.055,30,96,True,66.6158,1666.16,1000.0,0.01049741,-0.0,0.01049741,0,153,153,306,62.91,666.158290413,666.158290413,0.9017417022674991,0.9017042368522336,0.10002884615384643,0.7413878914201889
0.4,0.015,0.05,20,81,True,66.6115,1666.11,1000.0,0.01049673,-0.0,0.01049673,0,229,229,458,62.29,666.115138089,666.115138089,0.9016807936813718,0.9016430886325459,0.09981089743589734,0.7412955029176291
0.4,0.03,0.06,15,96,True,66.6055,1666.05,1000.0,0.01049578,0.0,0.01049578,0,224,224,448,61.16,666.054851754,666.054851754,0.9015958049565426,0.9015576609726883,0.0995064102564103,0.7411664828213598
0.35,0.04,0.06,15,26,True,66.6017,1666.02,1000.0,0.01049519,0.0,0.01049519,0,190,190,380,48.35,666.017410767,666.017410767,0.9015419787641505,0.901504605899724,0.09931730769230775,0.741085832690454
0.4,0.035,0.045,30,96,True,66.5897,1665.9,1000.0,0.01049329,0.0,0.01049329,0,159,159,318,61.3,665.8968380970001,665.8968380970001,0.9013720013144922,0.9013337505800089,0.09870833333333366,0.7408277924979155
0.4,0.015,0.055,30,76,True,66.5835,1665.84,1000.0,0.01049232,-0.0,0.01049232,0,175,175,350,62.68,665.8352825759999,665.8352825759999,0.9012841796321688,0.9012465244431015,0.09839743589743585,0.740695534328502
0.35,0.04,0.06,30,16,True,66.5816,1665.82,1000.0,0.01049201,-0.0,0.01049201,0,190,190,380,47.8,665.815610193,665.815610193,0.9012572665359728,0.9012186480488322,0.09829807692307692,0.7406538430672513
0.4,0.035,0.06,20,96,True,66.5659,1665.66,1000.0,0.01048955,-0.0,0.01048955,0,186,186,372,61.02,665.6595003150001,665.6595003150001,0.9010348793726699,0.9009974353717273,0.09750961538461561,0.7403185933747762
0.4,0.045,0.05,30,96,True,66.5579,1665.58,1000.0,0.01048827,0.0,0.01048827,0,124,124,248,60.67,665.578272411,665.578272411,0.9009215610728978,0.9008823328405505,0.09709935897435885,0.7401453521834859
0.4,0.02,0.045,30,61,True,66.5461,1665.46,1000.0,0.01048643,0.0,0.01048643,0,296,296,592,61.75,665.461507299,665.461507299,0.9007544165807336,0.9007168729519842,0.09650961538461543,0.7398941932528852
0.4,0.025,0.05,30,56,True,66.5451,1665.45,1000.0,0.01048627,0.0,0.01048627,0,320,320,640,61.17,665.4513538110001,665.4513538110001,0.9007402517932622,0.9007024851355873,0.09645833333333369,0.7398725381039739
0.4,0.015,0.055,25,86,True,66.5431,1665.43,1000.0,0.01048595,0.0,0.01048595,0,181,181,362,62.66,665.4310468350001,665.4310468350001,0.900711922218319,0.9006737095027931,0.09635576923076963,0.7398292278061515
0.4,0.02,0.045,15,96,True,66.5352,1665.35,1000.0,0.0104847,0.0,0.0104847,0,296,296,592,61.75,665.35172271,665.35172271,0.900600020397294,0.9005613046871909,0.0959551282051282,0.7396594272458298
0.4,0.03,0.06,20,81,True,66.5233,1665.23,1000.0,0.01048283,-0.0,0.01048283,0,224,224,448,61.15,665.233053819,665.233053819,0.9004314594263829,0.9003931470830501,0.09535576923076945,0.7394048276842604
0.4,0.02,0.05,30,51,True,66.5104,1665.1,1000.0,0.01048079,-0.0,0.01048079,0,352,352,704,61.54,665.1035968470001,665.1035968470001,0.9002487336680002,0.9002097024239873,0.0947019230769233,0.7391276621765809
0.4,0.025,0.04,30,91,True,66.5005,1665.0,1000.0,0.01047923,0.0,0.01047923,0,204,204,408,62.14,665.004600339,665.004600339,0.900108502272032,0.9000694212141159,0.09420192307692349,0.7389154621156354
0.4,0.025,0.06,15,86,True,66.499,1664.99,1000.0,0.010479,0.0,0.010479,0,277,277,554,61.34,664.9900047000001,664.9900047000001,0.9000872550908245,0.9000487387280451,0.09412820512820542,0.738883890189467
0.4,0.01,0.06,25,91,False,66.4919,1664.92,1000.0,0.01047788,-0.0,0.01047788,0,125,125,250,61.35,664.918930284,664.918930284,0.8999866850997768,0.8999480240132656,0.09376923076923097,0.7387315959077142
0.4,0.02,0.06,30,41,True,66.4888,1664.89,1000.0,0.0104774,0.0,0.0104774,0,354,354,708,61.15,664.88846982,664.88846982,0.899942774258615,0.8999048605640743,0.09361538461538461,0.7386659222216067
0.4,0.02,0.045,20,81,True,66.4866,1664.87,1000.0,0.01047705,0.0,0.01047705,0,297,297,594,61.74,664.866259065,664.866259065,0.8999116117261776,0.8998733872157058,0.09350320512820524,0.7386184630534416
0.4,0.01,0.05,30,81,False,66.4739,1664.74,1000.0,0.01047504,0.0,0.01047504,0,129,129,258,60.46,664.738705872,664.738705872,0.8997317189252892,0.8996926402722174,0.0928589743589744,0.7383454464161047
0.4,0.025,0.055,25,71,True,66.4559,1664.56,1000.0,0.01047221,0.0,0.01047221,0,256,256,512,61.48,664.559116053,664.559116053,0.8994767527508017,0.8994381557696941,0.09195192307692295,0.7379602077216936
0.4,0.015,0.055,20,96,True,66.433,1664.33,1000.0,0.01046861,-0.0,0.01046861,0,187,187,374,62.61,664.330662573,664.330662573,0.8991523791177038,0.89911442990076,0.09079807692307698,0.7374701339136953
0.4,0.02,0.055,30,96,True,66.4171,1664.17,1000.0,0.0104661,0.0,0.0104661,0,139,139,278,62.86,664.1713797300001,664.1713797300001,0.8989271589969065,0.898888721031031,0.08999358974359013,0.7371289137564805
0.4,0.03,0.05,25,96,True,66.4167,1664.17,1000.0,0.01046603,-0.0,0.01046603,0,174,174,348,61.91,664.166937579,664.166937579,0.8989214930819179,0.8988824263613572,0.08997115384615381,0.7371197052185968
0.4,0.01,0.045,25,96,False,66.3998,1664.0,1000.0,0.01046336,-0.0,0.01046336,0,130,130,260,59.01,663.997501248,663.997501248,0.898682108173649,0.8986423296752309,0.08911538461538465,0.7367568299124707
0.4,0.015,0.055,30,71,True,66.3962,1663.96,1000.0,0.0104628,-0.0,0.0104628,0,189,189,378,62.6,663.96196404,663.96196404,0.8986311149387514,0.8985919723178412,0.08893589743589743,0.7366803286519075
0.4,0.015,0.06,30,91,False,66.3942,1663.94,1000.0,0.01046249,0.0,0.01046249,0,93,93,186,60.98,663.942291657,663.942291657,0.8986027853638084,0.8985640959235719,0.0888365384615385,0.7366379291512835
0.4,0.035,0.06,30,71,True,66.3918,1663.92,1000.0,0.01046211,0.0,0.01046211,0,189,189,378,60.99,663.9181771230001,663.9181771230001,0.8985687898738768,0.8985299248596289,0.08871474358974378,0.7365863211127759
0.4,0.02,0.035,15,91,True,66.3735,1663.74,1000.0,0.01045923,0.0,0.01045923,0,415,415,830,60.85,663.735414339,663.735414339,0.8983095742631478,0.8982709441644815,0.08779166666666678,0.7361944037142517
0.4,0.015,0.055,25,81,True,66.3648,1663.65,1000.0,0.01045785,-0.0,0.01045785,0,189,189,378,62.59,663.647840505,663.647840505,0.8981863406121455,0.8981468492480567,0.08734935897435894,0.7360070968753616
0.4,0.025,0.06,30,86,False,66.3623,1663.62,1000.0,0.01045745,0.0,0.01045745,0,71,71,142,58.48,663.622456785,663.622456785,0.8981509286434667,0.898110879707064,0.08722115384615402,0.7359529590030833
0.4,0.04,0.06,30,76,True,66.3475,1663.48,1000.0,0.01045513,0.0,0.01045513,0,172,172,344,61.03,663.4752312090001,663.4752312090001,0.897941289788888,0.8979022563693064,0.08647756410256424,0.7356368346257488
0.4,0.025,0.055,30,61,True,66.3236,1663.24,1000.0,0.01045135,0.0,0.01045135,0,260,260,520,61.46,663.235355055,663.235355055,0.8976027513683185,0.8975623442069256,0.08526602564102574,0.735123284074442
0.4,0.025,0.055,15,96,True,66.3083,1663.08,1000.0,0.01044895,0.0,0.01044895,0,260,260,520,61.46,663.083052735,663.083052735,0.8973860301200042,0.8973465269609695,0.0844967948717951,0.7347963321226519
0.4,0.02,0.055,30,91,True,66.302,1663.02,1000.0,0.01044796,0.0,0.01044796,0,151,151,302,62.79,663.020228028,663.020228028,0.8972967919589335,0.8972575023470125,0.08417948717948706,0.7346615441194679
0.4,0.02,0.035,25,66,True,66.2891,1662.89,1000.0,0.01044593,-0.0,0.01044593,0,415,415,830,60.83,662.891405649,662.891405649,0.8971140662005508,0.8970749569264748,0.08352884615384656,0.7343852894089871
0.4,0.025,0.045,30,91,True,66.2624,1662.62,1000.0,0.01044172,0.0,0.01044172,0,179,179,358,62.26,662.624241996,662.624241996,0.896735866375061,0.8966963775075266,0.08217948717948727,0.733812743875686
0.4,0.035,0.06,25,81,True,66.2498,1662.5,1000.0,0.01043974,0.0,0.01043974,0,189,189,378,60.97,662.498592582,662.498592582,0.8965573900529196,0.8965183282796128,0.08154487179487176,0.7335431678693181
0.4,0.015,0.055,20,91,True,66.2419,1662.42,1000.0,0.01043848,-0.0,0.01043848,0,204,204,408,62.55,662.4186338640001,662.4186338640001,0.8964454882318946,0.8964050242254858,0.08114102564102578,0.7333724565117982
0.4,0.025,0.055,20,81,True,66.241,1662.41,1000.0,0.01043834,-0.0,0.01043834,0,264,264,528,61.44,662.4097495620001,662.4097495620001,0.8964327399231702,0.8963924348861385,0.08109615384615425,0.7333533311966575
0.4,0.02,0.035,20,76,True,66.1965,1661.96,1000.0,0.01043133,-0.0,0.01043133,0,427,427,854,60.82,661.9648998690001,661.9648998690001,0.8958024068806872,0.8957620686802417,0.07884935897435938,0.732399695839288
0.4,0.015,0.05,15,91,True,66.194,1661.94,1000.0,0.01043094,0.0,0.01043094,0,247,247,494,62.23,661.940150742,661.940150742,0.8957669949120084,0.8957269983777737,0.078724358974359,0.7323464687642081
0.4,0.05,0.05,20,26,True,66.1773,1661.77,1000.0,0.01042831,0.0,0.01042831,0,124,124,248,40.59,661.773252783,661.773252783,0.8955304429612339,0.8954904986457467,0.0778814102564103,0.7319886531256229
0.4,0.04,0.06,25,86,True,66.1762,1661.76,1000.0,0.01042813,-0.0,0.01042813,0,172,172,344,60.97,661.7618301090001,661.7618301090001,0.895514861695015,0.8954743123523001,0.07782371794871833,0.7319644681429412
0.4,0.01,0.06,30,76,False,66.1685,1661.69,1000.0,0.01042692,-0.0,0.01042692,0,125,125,250,61.25,661.6850443559999,661.6850443559999,0.8954057928314844,0.8953655044907971,0.07743589743589734,0.7317997272501607
0.4,0.025,0.06,20,71,True,66.1672,1661.67,1000.0,0.01042671,0.0,0.01042671,0,285,285,570,61.28,661.6717179030001,661.6717179030001,0.8953873786077713,0.895346620481776,0.07736858974359005,0.7317713933971365
0.4,0.025,0.05,15,86,True,66.1602,1661.6,1000.0,0.01042561,0.0,0.01042561,0,324,324,648,61.1,661.601912673,661.601912673,0.8952882250954708,0.8952477042440461,0.07701602564102582,0.7316216289491544
0.4,0.05,0.05,25,21,True,66.1584,1661.58,1000.0,0.01042533,0.0,0.01042533,0,124,124,248,39.25,661.584144069,661.584144069,0.8952627284780219,0.8952225255653513,0.0769262820512822,0.7315833783188728
0.4,0.05,0.05,15,31,True,66.1572,1661.57,1000.0,0.01042514,-0.0,0.01042514,0,124,124,248,40.83,661.572086802,661.572086802,0.8952457307330561,0.8952054400333797,0.07686538461538457,0.7315575742996188
0.4,0.02,0.06,25,46,True,66.1521,1661.52,1000.0,0.01042433,-0.0,0.01042433,0,354,354,708,61.07,661.5206847690001,661.5206847690001,0.8951734903169514,0.8951326017128696,0.07660576923076962,0.7314476795184905
0.4,0.01,0.05,25,91,False,66.1426,1661.43,1000.0,0.01042284,-0.0,0.01042284,0,129,129,258,60.4,661.426130412,661.426130412,0.8950389248359718,0.8949986151726717,0.07612820512820502,0.7312446879954284
0.4,0.02,0.055,30,86,True,66.1364,1661.36,1000.0,0.01042186,0.0,0.01042186,0,165,165,330,62.72,661.363940298,661.363940298,0.8949511031536482,0.8949104897972396,0.07581410256410265,0.7311115190288164
0.4,0.025,0.06,25,61,True,66.1356,1661.36,1000.0,0.01042173,0.0,0.01042173,0,285,285,570,61.28,661.3556905890001,661.3556905890001,0.8949397713236711,0.8948987996964172,0.07577243589743624,0.7310940127502479
0.4,0.015,0.05,25,66,True,66.1277,1661.28,1000.0,0.01042049,-0.0,0.01042049,0,248,248,496,62.22,661.277001057,661.277001057,0.894827869502646,0.8947872941193397,0.07537499999999991,0.7309251229871249
0.4,0.015,0.055,25,76,True,66.1103,1661.1,1000.0,0.01041776,-0.0,0.01041776,0,211,211,422,62.51,661.103757168,661.103757168,0.8945814022006413,0.8945418020020647,0.07450000000000011,0.73055324170094
0.4,0.015,0.055,30,66,True,66.11,1661.1,1000.0,0.01041771,-0.0,0.01041771,0,211,211,422,62.51,661.100584203,661.100584203,0.8945771527644,0.8945373058094406,0.07448397435897457,0.7305465629968272
0.4,0.03,0.05,30,81,True,66.085,1660.85,1000.0,0.01041375,-0.0,0.01041375,0,181,181,362,61.84,660.849285375,660.849285375,0.8942230330776116,0.894181207353613,0.07321474358974354,0.7300088274628385
0.4,0.015,0.05,20,76,True,66.055,1660.55,1000.0,0.01040904,0.0,0.01040904,0,250,250,500,62.21,660.550392072,660.550392072,0.893798089453466,0.893757666008424,0.07170512820512823,0.7293673701702859
0.4,0.02,0.045,15,91,True,66.0456,1660.46,1000.0,0.01040755,0.0,0.01040755,0,322,322,644,61.66,660.455837715,660.455837715,0.8936649404512333,0.8936236794682263,0.07122756410256419,0.7291650868865973
0.4,0.02,0.05,20,66,True,66.0386,1660.39,1000.0,0.01040645,0.0,0.01040645,0,376,376,752,61.48,660.386032485,660.386032485,0.8935657869389328,0.8935247632304963,0.07087499999999995,0.7290153224386152
0.4,0.035,0.05,30,96,True,66.0353,1660.35,1000.0,0.01040592,0.0,0.01040592,0,142,142,284,61.58,660.3523990560001,660.3523990560001,0.8935190431402769,0.8934771035886812,0.07070512820512861,0.7289436782877685
0.4,0.02,0.055,25,96,True,66.0269,1660.27,1000.0,0.0104046,0.0,0.0104046,0,172,172,344,62.67,660.2686327800001,660.2686327800001,0.8934000589255159,0.8933584041034053,0.07028205128205142,0.7287639609501897
0.4,0.02,0.035,30,56,True,66.0231,1660.23,1000.0,0.01040401,-0.0,0.01040401,0,428,428,856,60.79,660.231191793,660.231191793,0.8933462327331241,0.893305349030441,0.07009294871794887,0.7286833108192842
0.4,0.025,0.04,30,86,True,66.0208,1660.21,1000.0,0.01040365,0.0,0.01040365,0,214,214,428,62.03,660.2083464450001,660.2083464450001,0.8933136537219395,0.8932729764435476,0.06997756410256438,0.728634232614547
0.4,0.01,0.06,25,86,False,66.0197,1660.2,1000.0,0.01040347,-0.0,0.01040347,0,128,128,256,61.2,660.196923771,660.196923771,0.8932980724557209,0.8932567901501008,0.06991987179487186,0.728610047631865
0.4,0.015,0.055,20,86,True,65.9897,1659.9,1000.0,0.01039874,0.0,0.01039874,0,211,211,422,62.48,659.896761282,659.896761282,0.892873128831575,0.8928314503278624,0.06840384615384633,0.7279667687449154
0.4,0.035,0.045,30,91,True,65.9839,1659.84,1000.0,0.01039783,-0.0,0.01039783,0,169,169,338,61.17,659.8390133190001,659.8390133190001,0.8927909730642403,0.892749619622104,0.06811217948717972,0.7278428083161872
0.4,0.02,0.045,25,66,True,65.9746,1659.75,1000.0,0.01039636,-0.0,0.01039636,0,331,331,662,61.64,659.745728148,659.745728148,0.8926592405407549,0.8926174315589559,0.06764102564102589,0.7276430548662693
0.4,0.05,0.05,15,26,True,65.9688,1659.69,1000.0,0.01039545,-0.0,0.01039545,0,124,124,248,37.15,659.687980185,659.687980185,0.8925770847734201,0.8925356008531976,0.0673493589743593,0.7275190944375413
0.4,0.03,0.045,30,96,True,65.962,1659.62,1000.0,0.01039438,0.0,0.01039438,0,161,161,322,61.79,659.620078734,659.620078734,0.8924807642186138,0.892439382331042,0.0670064102564104,0.7273734788599016
0.4,0.04,0.06,20,26,True,65.9543,1659.54,1000.0,0.01039316,0.0,0.01039316,0,176,176,352,48.72,659.5426583880001,659.5426583880001,0.892371695355083,0.8923296752310144,0.06661538461538484,0.7272078271699227
0.4,0.015,0.03,30,96,True,65.9369,1659.37,1000.0,0.01039042,0.0,0.01039042,0,277,277,554,61.77,659.368779906,659.368779906,0.8921252280530783,0.8920832838752144,0.06573717948717937,0.7268350350865392
0.4,0.015,0.05,30,56,True,65.9196,1659.2,1000.0,0.01038769,0.0,0.01038769,0,246,246,492,62.19,659.195536017,659.195536017,0.8918801772298209,0.8918377917579393,0.06486217948717957,0.7264638620397281
0.4,0.02,0.055,30,81,True,65.9132,1659.13,1000.0,0.01038668,-0.0,0.01038668,0,180,180,360,62.63,659.131442124,659.131442124,0.8917895225900031,0.8917469686669329,0.06453846153846188,0.7263265442027739
0.4,0.01,0.045,30,81,False,65.8999,1659.0,1000.0,0.01038459,0.0,0.01038459,0,133,133,266,58.96,658.9988121870001,658.9988121870001,0.8916011309166317,0.8915590278152461,0.06386858974359017,0.7260419917516078
0.4,0.02,0.045,20,76,True,65.8966,1658.97,1000.0,0.01038407,-0.0,0.01038407,0,331,331,662,61.63,658.9658133510001,658.9658133510001,0.8915543871179757,0.8915122674119556,0.06370192307692338,0.7259712583979592
0.4,0.02,0.04,30,96,True,65.8685,1658.69,1000.0,0.01037965,-0.0,0.01037965,0,204,204,408,62.54,658.6853232450001,658.6853232450001,0.8911563565900257,0.8911148039839865,0.062285256410256784,0.7253696707722601
0.4,0.02,0.05,25,56,True,65.8162,1658.16,1000.0,0.0103714,0.0,0.0103714,0,377,377,754,61.45,658.16178402,658.16178402,0.8904155382052648,0.8903729322010121,0.059641025641025594,0.7242478538911411
0.4,0.04,0.06,15,31,True,65.8091,1658.09,1000.0,0.01037029,-0.0,0.01037029,0,176,176,352,48.91,658.0913441970001,658.0913441970001,0.890314968214217,0.8902731167247575,0.05928525641025681,0.7240964704065871
0.4,0.02,0.055,25,91,True,65.8076,1658.08,1000.0,0.01037005,0.0,0.01037005,0,186,186,372,62.6,658.0761139650001,658.0761139650001,0.8902937210330095,0.8902515350001619,0.05920833333333363,0.72406398768322
0.4,0.03,0.05,25,91,True,65.7957,1657.96,1000.0,0.01036818,-0.0,0.01036818,0,191,191,382,61.79,657.957445074,657.957445074,0.8901251600620984,0.890083377396021,0.058608974358974324,0.7238093881216503
0.4,0.03,0.06,15,91,True,65.7857,1657.86,1000.0,0.0103666,-0.0,0.0103666,0,226,226,452,61.02,657.85717938,657.85717938,0.8899835121873833,0.8899412977090999,0.0581025641025643,0.7235946582269345
0.4,0.04,0.06,20,96,True,65.7853,1657.85,1000.0,0.01036654,0.0,0.01036654,0,175,175,350,60.83,657.8533718220001,657.8533718220001,0.8899778462723946,0.889935902277951,0.05808333333333364,0.7235863604862494
0.4,0.03,0.055,30,96,True,65.7777,1657.78,1000.0,0.01036534,0.0,0.01036534,0,139,139,278,61.99,657.7772206620001,657.7772206620001,0.8898701938876109,0.889827993654973,0.057698717948718316,0.723423238630041
0.4,0.015,0.055,25,71,True,65.7676,1657.68,1000.0,0.01036375,-0.0,0.01036375,0,233,233,466,62.42,657.676320375,657.676320375,0.8897271295341486,0.889685014729527,0.057189102564102624,0.7232068896987529
0.4,0.045,0.05,30,91,True,65.7646,1657.65,1000.0,0.01036328,0.0,0.01036328,0,135,135,270,60.46,657.6464945040001,657.6464945040001,0.8896846351717339,0.8896427505188607,0.05703846153846193,0.7231428350492175
0.4,0.025,0.06,15,81,True,65.7565,1657.56,1000.0,0.01036199,-0.0,0.01036199,0,288,288,576,61.21,657.564632007,657.564632007,0.8895699003932146,0.8895267487491592,0.05662500000000007,0.7229679748213551
0.4,0.02,0.045,30,56,True,65.7504,1657.5,1000.0,0.01036103,-0.0,0.01036103,0,342,342,684,61.6,657.503711079,657.503711079,0.8894834951896382,0.8894404218507768,0.05631730769230792,0.7228373356885137
0.4,0.05,0.045,30,96,True,65.7492,1657.49,1000.0,0.01036085,0.0,0.01036085,0,109,109,218,58.69,657.492288405,657.492288405,0.8894664974446724,0.88942423555733,0.0562596153846154,0.7228124424664583
0.4,0.025,0.06,25,96,False,65.7446,1657.45,1000.0,0.01036011,0.0,0.01036011,0,71,71,142,58.37,657.4453285230001,657.4453285230001,0.8894013394223034,0.8893576919064936,0.05602243589743621,0.7227124644625871
0.4,0.025,0.05,20,71,True,65.7434,1657.43,1000.0,0.01035994,0.0,0.01035994,0,326,326,652,61.03,657.4345404420001,657.4345404420001,0.8893843416773374,0.8893424048515717,0.0559679487179488,0.72268848203773
0.4,0.025,0.04,25,96,True,65.7407,1657.41,1000.0,0.0103595,0.0,0.0103595,0,225,225,450,61.98,657.40661835,657.40661835,0.8893460967511644,0.8893028383564798,0.05582692307692344,0.7226292844979108
0.4,0.035,0.06,20,91,True,65.7385,1657.39,1000.0,0.01035917,-0.0,0.01035917,0,191,191,382,60.88,657.385676781,657.385676781,0.889314934218727,0.8892731634851607,0.055721153846153726,0.7225836469241425
0.4,0.02,0.06,15,61,True,65.736,1657.36,1000.0,0.01035877,0.0,0.01035877,0,354,354,708,60.98,657.360293061,657.360293061,0.8892795222500482,0.889237193944168,0.05559294871794881,0.7225295090518643
0.4,0.025,0.045,30,86,True,65.731,1657.31,1000.0,0.01035797,0.0,0.01035797,0,186,186,372,62.15,657.309525621,657.309525621,0.8892086983126904,0.8891652548621827,0.0553365384615384,0.7224212333073077
0.4,0.02,0.035,15,86,True,65.7226,1657.23,1000.0,0.01035665,-0.0,0.01035665,0,442,442,884,60.74,657.225759345,657.225759345,0.8890897140979297,0.8890465553769068,0.05491346153846177,0.7222415159697292
0.4,0.05,0.05,20,21,True,65.7176,1657.18,1000.0,0.01035586,0.0,0.01035586,0,124,124,248,36.11,657.175626498,657.175626498,0.8890188901605721,0.8889755155334462,0.05466025641025648,0.7221341510223712
0.4,0.015,0.055,30,61,True,65.7067,1657.07,1000.0,0.01035415,0.0,0.01035415,0,234,234,468,62.41,657.067111095,657.067111095,0.8888644939771324,0.8888217457457025,0.054112179487179474,0.7219012066097129
0.4,0.025,0.05,25,61,True,65.7038,1657.04,1000.0,0.01035369,0.0,0.01035369,0,326,326,652,61.03,657.0379198170001,657.0379198170001,0.8888234160934649,0.888780380773561,0.053964743589743895,0.7218387709967495
0.4,0.015,0.055,15,96,True,65.6997,1657.0,1000.0,0.01035304,0.0,0.01035304,0,235,235,470,62.41,656.9966712720001,656.9966712720001,0.8887653404648318,0.8887219302694479,0.05375641025641069,0.7217505313645324
0.4,0.02,0.05,15,76,True,65.6923,1656.92,1000.0,0.01035188,-0.0,0.01035188,0,387,387,774,61.43,656.9230584840001,656.9230584840001,0.8886605210375425,0.8886176186005691,0.0533846153846158,0.7215924691758651
0.4,0.015,0.06,30,86,False,65.6908,1656.91,1000.0,0.01035164,-0.0,0.01035164,0,98,98,196,60.81,656.9078282520001,656.9078282520001,0.888639273856335,0.8885960368759734,0.053307692307692625,0.721559986452498
0.4,0.015,0.05,15,86,True,65.6862,1656.86,1000.0,0.01035092,0.0,0.01035092,0,253,253,506,62.16,656.862137556,656.862137556,0.8885741158339661,0.8885312917021866,0.0530769230769231,0.7214618300430236
0.4,0.04,0.06,15,11,True,65.6822,1656.82,1000.0,0.01035029,-0.0,0.01035029,0,176,176,352,28.22,656.822158197,656.822158197,0.8885174566840799,0.8884746396751231,0.0528750000000001,0.7213761202445769
0.4,0.01,0.06,20,96,False,65.6724,1656.72,1000.0,0.01034875,-0.0,0.01034875,0,130,130,260,61.09,656.724430875,656.724430875,0.8883786417668589,0.8883361569423013,0.052381410256410514,0.721166450017402
0.4,0.04,0.06,30,71,True,65.6708,1656.71,1000.0,0.01034849,-0.0,0.01034849,0,176,176,352,60.79,656.7079314570001,656.7079314570001,0.8883559781069045,0.888312776740656,0.05229807692307712,0.7211314374602644
0.4,0.03,0.06,25,66,True,65.6686,1656.69,1000.0,0.01034815,-0.0,0.01034815,0,229,229,458,61.0,656.6863552950001,656.6863552950001,0.8883248155744671,0.8882822026308123,0.05218910256410285,0.7210848890892978
0.4,0.015,0.055,20,81,True,65.6682,1656.68,1000.0,0.01034808,0.0,0.01034808,0,235,235,470,62.4,656.6819131440001,656.6819131440001,0.8883191496594786,0.8882759079611385,0.05216666666666709,0.7210756805514142
0.4,0.025,0.06,30,51,True,65.6551,1656.55,1000.0,0.01034602,0.0,0.01034602,0,290,290,580,61.19,656.551186986,656.551186986,0.8881335909436016,0.8880906648250261,0.05150641025641015,0.7207952769705905
0.4,0.025,0.055,15,91,True,65.6334,1656.33,1000.0,0.0103426,-0.0,0.0103426,0,276,276,552,61.33,656.33415618,656.33415618,0.8878262150554692,0.8877831252495387,0.0504102564102567,0.7203300963846475
0.4,0.02,0.04,30,91,True,65.633,1656.33,1000.0,0.01034254,0.0,0.01034254,0,227,227,454,62.46,656.3303486220001,656.3303486220001,0.8878205491404807,0.8877777298183899,0.050391025641026044,0.7203217986439625
0.4,0.02,0.055,30,76,True,65.6234,1656.23,1000.0,0.01034102,-0.0,0.01034102,0,192,192,384,62.54,656.233890486,656.233890486,0.8876845671807541,0.8876410455626175,0.04990384615384611,0.7201153664899315
0.4,0.015,0.03,30,91,True,65.6201,1656.2,1000.0,0.0103405,0.0,0.0103405,0,303,303,606,61.71,656.2008916500001,656.2008916500001,0.887637823382098,0.8875942851593271,0.04973717948717988,0.7200446331362831
0.4,0.01,0.05,30,76,False,65.6041,1656.04,1000.0,0.01033798,0.0,0.01033798,0,133,133,266,60.29,656.040974214,656.040974214,0.8874111867825536,0.8873676770510731,0.04892948717948736,0.7197017939424961
0.35,0.04,0.06,25,21,True,65.5857,1655.86,1000.0,0.01033508,0.0,0.01033508,0,190,190,380,50.12,655.856942244,655.856942244,0.8871505546930775,0.8871068978788762,0.04800000000000015,0.7193073467102016
0.4,0.04,0.06,25,81,True,65.5779,1655.78,1000.0,0.01033385,-0.0,0.01033385,0,175,175,350,60.75,655.778887305,655.778887305,0.8870400693507995,0.8869962915403237,0.04760576923076949,0.7191400759836508
0.4,0.05,0.05,25,26,True,65.5731,1655.73,1000.0,0.01033309,0.0,0.01033309,0,124,124,248,43.62,655.7306582370001,655.7306582370001,0.8869720783709361,0.8869279494124375,0.04736217948717953,0.7190368599066352
0.4,0.01,0.06,30,71,False,65.5685,1655.68,1000.0,0.01033236,-0.0,0.01033236,0,130,130,260,61.06,655.684332948,655.684332948,0.8869069203485671,0.886862305000126,0.047128205128205446,0.7189377926999625
0.4,0.015,0.05,30,86,False,65.5592,1655.59,1000.0,0.01033091,-0.0,0.01033091,0,114,114,228,59.39,655.592316963,655.592316963,0.8867751878250819,0.8867319154140274,0.04666346153846184,0.7187398608444415
0.4,0.035,0.055,30,96,True,65.558,1655.58,1000.0,0.01033072,0.0,0.01033072,0,127,127,254,61.68,655.580259696,655.580259696,0.8867581900801161,0.8867148298820559,0.046602564102564206,0.7187140568251876
0.4,0.01,0.055,30,96,False,65.5477,1655.48,1000.0,0.01032909,0.0,0.01032909,0,121,121,242,60.86,655.476821037,655.476821037,0.8866122927691594,0.8865682540025107,0.046080128205128634,0.7184926482263586
0.4,0.03,0.06,20,76,True,65.5406,1655.41,1000.0,0.01032797,-0.0,0.01032797,0,229,229,458,60.97,655.405746621,655.405746621,0.8865117227781114,0.8864675392877311,0.04572115384615418,0.7183403539446059
0.4,0.02,0.06,20,51,True,65.5404,1655.4,1000.0,0.01032795,0.0,0.01032795,0,354,354,708,60.94,655.4044774350001,655.4044774350001,0.8865088898206173,0.8864657408106815,0.045714743589743964,0.7183371158714619
0.4,0.025,0.055,25,66,True,65.5364,1655.36,1000.0,0.01032731,-0.0,0.01032731,0,284,284,568,61.32,655.3638634829999,655.3638634829999,0.8864522306707311,0.8864081895450932,0.04550961538461531,0.7182504952758165
0.4,0.02,0.055,25,86,True,65.535,1655.35,1000.0,0.0103271,-0.0,0.0103271,0,197,197,394,62.51,655.35053703,655.35053703,0.8864323999682708,0.8863893055360721,0.04544230769230802,0.7182214531834187
0.4,0.05,0.05,15,36,True,65.531,1655.31,1000.0,0.01032646,0.0,0.01032646,0,124,124,248,43.85,655.3099230780001,655.3099230780001,0.8863757408183849,0.8863317542704838,0.04523717948717992,0.7181348325877736
0.4,0.05,0.05,30,21,True,65.5211,1655.21,1000.0,0.0103249,0.0,0.0103249,0,124,124,248,42.17,655.21092657,655.21092657,0.8862355094224167,0.8861914730606122,0.044737179487179556,0.717922632526828
0.4,0.02,0.045,15,86,True,65.4962,1654.96,1000.0,0.01032098,-0.0,0.01032098,0,352,352,704,61.55,654.9621661140001,654.9621661140001,0.8858828062143757,0.885838971558884,0.04348076923076953,0.7173892484210069
0.4,0.01,0.06,25,81,False,65.4833,1654.83,1000.0,0.01031894,0.0,0.01031894,0,134,134,268,61.03,654.8327091420001,654.8327091420001,0.8857000804559929,0.8856555268998213,0.042826923076923366,0.7171120829133275
0.4,0.03,0.045,30,91,True,65.4736,1654.74,1000.0,0.01031742,-0.0,0.01031742,0,168,168,336,61.69,654.7362510060001,654.7362510060001,0.8855626820175191,0.8855188426440491,0.042339743589743996,0.7169049425199231
0.4,0.01,0.045,25,91,False,65.4709,1654.71,1000.0,0.010317,-0.0,0.010317,0,136,136,272,58.92,654.7095981,654.7095981,0.8855244370913459,0.8854810746260067,0.0422051282051283,0.7168475665745007
0.4,0.025,0.04,30,81,True,65.4688,1654.69,1000.0,0.01031666,-0.0,0.01031666,0,235,235,470,61.92,654.688021938,654.688021938,0.8854946910376558,0.8854505005161629,0.042096153846154026,0.7168017264429075
0.4,0.035,0.05,30,91,True,65.4669,1654.67,1000.0,0.01031636,-0.0,0.01031636,0,155,155,310,61.44,654.668984148,654.668984148,0.8854677779414597,0.8854235233604184,0.0420000000000002,0.7167609459788554
0.4,0.05,0.05,20,31,True,65.4353,1654.35,1000.0,0.01031138,0.0,0.01031138,0,124,124,248,44.14,654.352956834,654.352956834,0.8850201706573595,0.8849757025750594,0.04040384615384638,0.7160835653319668
0.4,0.015,0.05,20,71,True,65.4349,1654.35,1000.0,0.01031131,0.0,0.01031131,0,253,253,506,62.12,654.3485146830001,654.3485146830001,0.8850145047423709,0.8849694079053858,0.040381410256410614,0.7160743567940833
0.4,0.025,0.045,25,96,True,65.4305,1654.31,1000.0,0.01031063,0.0,0.01031063,0,192,192,384,62.09,654.305362359,654.305362359,0.8849521796774961,0.8849082596856981,0.04016346153846152,0.7159812600521498
0.4,0.025,0.055,20,76,True,65.4301,1654.3,1000.0,0.01031056,-0.0,0.01031056,0,286,286,572,61.3,654.300920208,654.300920208,0.8849465137625074,0.8849019650160244,0.04014102564102576,0.7159720515142661
0.4,0.015,0.05,25,61,True,65.411,1654.11,1000.0,0.01030755,0.0,0.01030755,0,253,253,506,62.12,654.1099077150001,654.1099077150001,0.8846759663218013,0.8846312942200545,0.03917628205128234,0.7155626278371735
0.4,0.02,0.035,20,71,True,65.3967,1653.97,1000.0,0.0103053,-0.0,0.0103053,0,459,459,918,60.68,653.96712429,653.96712429,0.8844734098609585,0.8844289655519706,0.03845512820512833,0.715256420237096
0.4,0.02,0.05,30,86,False,65.3907,1653.91,1000.0,0.01030435,0.0,0.01030435,0,91,91,182,58.91,653.906837955,653.906837955,0.8843884211361293,0.884343537892113,0.03815064102564129,0.7151274001408267
0.4,0.01,0.045,30,96,True,65.3755,1653.76,1000.0,0.01030196,0.0,0.01030196,0,252,252,504,63.62,653.7551702280001,653.7551702280001,0.8841731163665622,0.8841286198846817,0.03738461538461575,0.7148020672256088
0.4,0.015,0.055,15,91,True,65.3716,1653.72,1000.0,0.01030135,-0.0,0.01030135,0,249,249,498,62.34,653.7164600550001,653.7164600550001,0.8841178736954232,0.8840737663346678,0.03718910256410298,0.7147188872609326
0.4,0.02,0.035,25,61,True,65.3657,1653.66,1000.0,0.01030041,-0.0,0.01030041,0,463,463,926,60.68,653.6568083129999,653.6568083129999,0.8840343014493411,0.883989237913335,0.036887820512820496,0.7145914862012351
0.4,0.02,0.04,30,86,True,65.3605,1653.61,1000.0,0.01029959,0.0,0.01029959,0,240,240,480,62.37,653.604771687,653.604771687,0.8839606445544892,0.8839155003543,0.03662500000000043,0.7144799723835348
0.4,0.01,0.05,25,86,False,65.3603,1653.6,1000.0,0.01029956,-0.0,0.01029956,0,135,135,270,60.25,653.602867908,653.602867908,0.8839578115969947,0.8839128026387254,0.03661538461538454,0.7144758235131918
0.4,0.02,0.055,30,96,False,65.348,1653.48,1000.0,0.01029763,0.0,0.01029763,0,84,84,168,59.14,653.4803914590001,653.4803914590001,0.883783584711095,0.8837392496034359,0.03599679487179514,0.7142129262109373
0.4,0.03,0.05,30,76,True,65.3227,1653.23,1000.0,0.01029364,-0.0,0.01029364,0,201,201,402,61.7,653.227188852,653.227188852,0.8834252155880653,0.8833804534320338,0.034717948717948796,0.7136703335672325
0.4,0.015,0.055,25,66,True,65.3223,1653.22,1000.0,0.01029358,0.0,0.01029358,0,249,249,498,62.33,653.2233812940001,653.2233812940001,0.8834195496730767,0.8833750580008849,0.03469871794871814,0.7136620358265473
0.4,0.02,0.055,20,96,True,65.3212,1653.21,1000.0,0.0102934,-0.0,0.0102934,0,204,204,408,62.45,653.21195862,653.21195862,0.8834039684068581,0.8833588717074381,0.03464102564102562,0.7136378508438657
0.4,0.035,0.045,30,86,True,65.3028,1653.03,1000.0,0.01029049,0.0,0.01029049,0,194,194,388,61.03,653.027292057,653.027292057,0.883143336317382,0.8830971932967163,0.03370833333333329,0.7132424928143726
0.4,0.03,0.06,30,56,True,65.3022,1653.02,1000.0,0.0102904,0.0,0.0102904,0,232,232,464,60.93,653.02158072,653.02158072,0.883134837444899,0.883089100149993,0.03367948717948731,0.7132300462033448
0.4,0.03,0.055,30,91,True,65.2987,1652.99,1000.0,0.01028986,-0.0,0.01028986,0,145,145,290,61.88,652.987312698,652.987312698,0.8830852606887486,0.8830405412696528,0.0335064102564103,0.7131560747765522
0.4,0.015,0.06,25,96,False,65.2914,1652.91,1000.0,0.0102887,-0.0,0.0102887,0,103,103,206,60.73,652.91369991,652.91369991,0.8829818577402064,0.882936229600774,0.033134615384615415,0.7129987208272585
0.4,0.015,0.03,30,86,True,65.2866,1652.87,1000.0,0.01028795,-0.0,0.01028795,0,329,329,658,61.64,652.8661054350001,652.8661054350001,0.8829138667603432,0.8828687867114128,0.03289423076923111,0.7128964155474417
0.4,0.015,0.055,20,76,True,65.2677,1652.68,1000.0,0.01028497,0.0,0.01028497,0,243,243,486,62.32,652.676996721,652.676996721,0.8826461522771313,0.8826008136310172,0.03193910256410247,0.7124911407406913
0.4,0.02,0.055,30,71,True,65.2553,1652.55,1000.0,0.01028302,-0.0,0.01028302,0,207,207,414,62.43,652.553251086,652.553251086,0.8824705089124844,0.8824254621186779,0.031314102564102844,0.7122257136046661
0.4,0.035,0.06,25,76,True,65.2494,1652.49,1000.0,0.01028208,0.0,0.01028208,0,191,191,382,60.79,652.4935993440001,652.4935993440001,0.8823869366664022,0.8823409336973451,0.031012820512820914,0.7120983125449688
0.4,0.035,0.06,30,66,True,65.2482,1652.48,1000.0,0.0102819,0.0,0.0102819,0,194,194,388,60.79,652.4821766700001,652.4821766700001,0.8823699389214364,0.8823247474038984,0.030955128205128392,0.7120734193229135
0.4,0.04,0.06,20,91,True,65.2467,1652.47,1000.0,0.01028166,0.0,0.01028166,0,176,176,352,60.62,652.466946438,652.466946438,0.8823486917402292,0.8823031656793028,0.030878205128205216,0.7120409365995465
0.4,0.025,0.06,20,66,True,65.2322,1652.32,1000.0,0.01027938,-0.0,0.01027938,0,290,290,580,61.11,652.322259234,652.322259234,0.8821433023218921,0.8820981392956444,0.03014743589743588,0.7117305801291265
0.4,0.025,0.055,30,56,True,65.2316,1652.32,1000.0,0.01027928,-0.0,0.01027928,0,290,290,580,61.26,652.315913304,652.315913304,0.8821348034494091,0.8820891469103963,0.030115384615384787,0.7117172227209003
0.4,0.025,0.05,15,81,True,65.2308,1652.31,1000.0,0.01027916,-0.0,0.01027916,0,329,329,658,60.95,652.3082981880001,652.3082981880001,0.8821234716194318,0.8820783560480985,0.030076923076923476,0.7117006272395301
0.4,0.025,0.04,25,91,True,65.2291,1652.29,1000.0,0.01027889,-0.0,0.01027889,0,236,236,472,61.87,652.291164177,652.291164177,0.8820993914807302,0.8820540766079285,0.029990384615384974,0.7116639956458206
0.4,0.02,0.045,20,71,True,65.2195,1652.19,1000.0,0.01027737,-0.0,0.01027737,0,364,364,728,61.5,652.194706041,652.194706041,0.8819634095210035,0.8819173923521562,0.02950320512820504,0.7114575634917897
0.4,0.01,0.055,30,91,False,65.2089,1652.09,1000.0,0.01027571,-0.0,0.01027571,0,121,121,242,60.71,652.089363603,652.089363603,0.8818132627738053,0.8817681187570365,0.02897115384615414,0.7112312977832443
0.4,0.02,0.055,25,81,True,65.2007,1652.01,1000.0,0.01027441,-0.0,0.01027441,0,211,211,422,62.42,652.006866513,652.006866513,0.8816971115165388,0.8816512177488103,0.028554487179487168,0.7110548185188099
0.4,0.02,0.04,25,96,True,65.1999,1652.0,1000.0,0.01027429,0.0,0.01027429,0,246,246,492,62.33,651.9992513970001,651.9992513970001,0.8816857796865616,0.8816404268865126,0.028516025641025858,0.7110382230374398
0.4,0.02,0.045,25,61,True,65.1931,1651.93,1000.0,0.01027322,0.0,0.01027322,0,365,365,730,61.5,651.931349946,651.931349946,0.8815894591317552,0.881544208364357,0.028173076923076953,0.7108926074598001
0.4,0.01,0.06,20,91,False,65.1732,1651.73,1000.0,0.01027009,0.0,0.01027009,0,140,140,280,60.94,651.732722337,651.732722337,0.8813075798610717,0.8812627467060894,0.027169871794872225,0.710466588301337
0.4,0.025,0.06,30,81,False,65.1681,1651.68,1000.0,0.01026928,-0.0,0.01026928,0,71,71,142,58.26,651.6813203040001,651.6813203040001,0.8812353394449669,0.8811899083855791,0.026910256410256714,0.7103566935202085
0.4,0.015,0.055,30,56,True,65.1641,1651.64,1000.0,0.01026865,0.0,0.01026865,0,247,247,494,62.29,651.641340945,651.641340945,0.881178680295081,0.8811332563585157,0.026708333333333723,0.710270983721762
0.4,0.025,0.045,30,81,True,65.1442,1651.44,1000.0,0.01026551,0.0,0.01026551,0,199,199,398,62.03,651.442078743,651.442078743,0.8808968010243974,0.880850895461723,0.025701923076923327,0.7098440537661003
0.4,0.035,0.055,30,91,True,65.1428,1651.43,1000.0,0.01026529,-0.0,0.01026529,0,138,138,276,61.54,651.4281176970001,651.4281176970001,0.8808769703219372,0.880831112214177,0.02563141025641037,0.7098141008765038
0.4,0.015,0.05,15,81,True,65.1269,1651.27,1000.0,0.01026279,0.0,0.01026279,0,253,253,506,62.08,651.2694694470001,651.2694694470001,0.8806517502011401,0.8806063025829728,0.02483012820512863,0.7094737915164877
0.4,0.04,0.045,30,96,True,65.1204,1651.2,1000.0,0.01026176,0.0,0.01026176,0,135,135,270,60.93,651.204106368,651.204106368,0.8805596790825752,0.8805136810149166,0.02450000000000016,0.7093339438457625
0.4,0.03,0.05,25,86,True,65.1073,1651.07,1000.0,0.0102597,0.0,0.0102597,0,202,202,404,61.65,651.07338021,651.07338021,0.8803741203666979,0.8803284378788042,0.02383974358974378,0.7090535402649389
0.4,0.025,0.05,30,51,True,65.1049,1651.05,1000.0,0.01025931,0.0,0.01025931,0,332,332,664,60.93,651.048631083,651.048631083,0.8803401248767664,0.8802933675763364,0.02371474358974397,0.7090010214292329
0.4,0.015,0.03,25,96,True,65.1042,1651.04,1000.0,0.0102592,-0.0,0.0102592,0,345,345,690,61.6,651.04165056,651.04165056,0.8803302095255364,0.8802834759525633,0.02367948717948721,0.7089860449844346
0.4,0.05,0.05,30,16,True,65.1018,1651.02,1000.0,0.01025882,0.0,0.01025882,0,124,124,248,36.51,651.017536026,651.017536026,0.8802962140356045,0.8802493048886203,0.023557692307692505,0.7089344369459268
0.4,0.015,0.05,30,51,True,65.0514,1650.51,1000.0,0.01025088,0.0,0.01025088,0,253,253,506,62.07,650.513669184,650.513669184,0.8795823087470396,0.8795353094999155,0.021012820512820815,0.7078543113260586
0.4,0.02,0.04,30,81,True,65.0428,1650.43,1000.0,0.01024954,0.0,0.01024954,0,255,255,510,62.28,650.428633722,650.428633722,0.8794604915747845,0.8794148115375899,0.020583333333333405,0.7076713559153359
0.4,0.025,0.06,25,56,True,65.032,1650.32,1000.0,0.01024783,0.0,0.01024783,0,294,294,588,61.07,650.320118319,650.320118319,0.8793075118700919,0.8792610417498462,0.0200352564102564,0.7074391197420511
0.4,0.01,0.045,30,91,True,65.0247,1650.25,1000.0,0.01024668,-0.0,0.01024668,0,259,259,518,63.59,650.247140124,650.247140124,0.8792041089215497,0.8791576293194922,0.019666666666666624,0.7072826765899558
0.4,0.02,0.055,20,91,True,64.9977,1649.98,1000.0,0.01024242,0.0,0.01024242,0,219,219,438,62.36,649.976803506,649.976803506,0.8788216596598184,0.8787745537079201,0.01830128205128233,0.7067034523525416
0.4,0.02,0.035,15,81,True,64.995,1649.95,1000.0,0.010242,-0.0,0.010242,0,494,494,988,60.61,649.9501506,649.9501506,0.8787834147336454,0.8787367856898778,0.018166666666666637,0.7066460764071194
0.4,0.05,0.06,20,21,True,64.9808,1649.81,1000.0,0.01023976,0.0,0.01023976,0,118,118,236,38.48,649.808001768,649.808001768,0.8785822747515497,0.8785353562603188,0.01744871794871829,0.7063414878436141
0.4,0.015,0.055,15,86,True,64.9807,1649.81,1000.0,0.01023975,-0.0,0.01023975,0,254,254,508,62.26,649.8073671750001,649.8073671750001,0.8785808582728025,0.878534457021794,0.01744551282051318,0.7063398688070421
0.4,0.02,0.05,30,46,True,64.9749,1649.75,1000.0,0.01023884,0.0,0.01023884,0,412,412,824,61.33,649.7496192120001,649.7496192120001,0.8784987025054677,0.8784526263160356,0.017153846153846578,0.7062159083783139
0.4,0.04,0.055,20,16,True,64.9709,1649.71,1000.0,0.01023821,-0.0,0.01023821,0,175,175,350,38.69,649.709639853,649.709639853,0.8784420433555815,0.878395974288972,0.01695192307692303,0.7061301985798669
0.4,0.015,0.05,25,96,False,64.97,1649.7,1000.0,0.01023805,-0.0,0.01023805,0,111,111,222,59.32,649.6994863650001,649.6994863650001,0.8784292950468571,0.878381586472575,0.016900641025641285,0.7061092516703293
0.4,0.04,0.06,25,76,True,64.9351,1649.35,1000.0,0.01023256,-0.0,0.01023256,0,176,176,352,60.5,649.351094808,649.351094808,0.8779349439641009,0.8778879045224504,0.015141025641025787,0.7053620484669907
0.4,0.015,0.03,30,81,True,64.9344,1649.34,1000.0,0.01023244,0.0,0.01023244,0,362,362,724,61.56,649.3434796920001,649.3434796920001,0.8779250286128707,0.8778771136601526,0.015102564102564478,0.7053461612249939
0.4,0.04,0.06,30,66,True,64.9344,1649.34,1000.0,0.01023245,0.0,0.01023245,0,176,176,352,60.5,649.344114285,649.344114285,0.8779250286128707,0.8778780128986774,0.015105769230769587,0.7053470720221925
0.4,0.045,0.05,30,86,True,64.9336,1649.34,1000.0,0.01023232,0.0,0.01023232,0,138,138,276,60.23,649.335864576,649.335864576,0.8779136967828934,0.8778663227978547,0.015064102564102611,0.7053295657436236
0.4,0.05,0.06,25,16,True,64.9293,1649.29,1000.0,0.01023165,-0.0,0.01023165,0,118,118,236,35.88,649.2933468450001,649.2933468450001,0.8778527881967659,0.8778060738166921,0.014849358974359185,0.7052380880382625
0.4,0.03,0.045,30,86,True,64.9285,1649.29,1000.0,0.01023153,-0.0,0.01023153,0,188,188,376,61.59,649.2857317290001,649.2857317290001,0.8778414563667887,0.8777952829543942,0.014810897435897875,0.7052214925568921
0.4,0.05,0.045,30,91,True,64.9275,1649.28,1000.0,0.01023137,-0.0,0.01023137,0,116,116,232,58.39,649.2755782410001,649.2755782410001,0.877827291579317,0.8777808951379972,0.014759615384615572,0.7051998374079808
0.35,0.04,0.06,20,26,True,64.9206,1649.21,1000.0,0.01023027,0.0,0.01023027,0,190,190,380,51.19,649.205773011,649.205773011,0.8777295545457635,0.8776819789002672,0.01440705128205134,0.7050507811993723
0.4,0.025,0.06,15,76,True,64.9204,1649.2,1000.0,0.01023023,-0.0,0.01023023,0,294,294,588,61.05,649.203234639,649.203234639,0.8777267215882694,0.877678381946168,0.014394230769230904,0.7050457215318312
0.4,0.035,0.045,25,96,True,64.9124,1649.12,1000.0,0.01022898,0.0,0.01022898,0,194,194,388,60.94,649.123910514,649.123910514,0.8776134032884971,0.8775659771305658,0.013993589743590032,0.7048752127321364
0.4,0.015,0.06,30,81,False,64.911,1649.11,1000.0,0.01022877,0.0,0.01022877,0,111,111,222,60.64,649.110584061,649.110584061,0.877593572586037,0.8775470931215447,0.013926282051282185,0.7048461706397382
0.4,0.02,0.04,25,91,True,64.9033,1649.03,1000.0,0.01022755,0.0,0.01022755,0,262,262,524,62.24,649.033163715,649.033163715,0.8774845037225062,0.877437386021517,0.013535256410256642,0.7046805189497595
0.4,0.04,0.055,15,16,True,64.9007,1649.01,1000.0,0.01022714,0.0,0.01022714,0,175,175,350,35.27,649.007145402,649.007145402,0.8774476752750802,0.8774005172419994,0.013403846153846054,0.7046247620409091
0.4,0.02,0.035,30,51,True,64.8961,1648.96,1000.0,0.01022642,-0.0,0.01022642,0,495,495,990,60.6,648.961454706,648.961454706,0.8773825172527112,0.8773357720682127,0.013173076923077082,0.7045266056314349
0.4,0.025,0.045,25,91,True,64.8951,1648.95,1000.0,0.01022626,-0.0,0.01022626,0,211,211,422,61.98,648.951301218,648.951301218,0.8773683524652396,0.8773213842518155,0.01312179487179478,0.7045049504825235
0.4,0.03,0.06,15,86,True,64.8931,1648.93,1000.0,0.01022594,0.0,0.01022594,0,232,232,464,60.85,648.930994242,648.930994242,0.8773400228902967,0.8772926086190214,0.01301923076923073,0.7044616401847009
0.4,0.025,0.055,15,86,True,64.8891,1648.89,1000.0,0.01022531,0.0,0.01022531,0,292,292,584,61.2,648.891014883,648.891014883,0.8772833637404105,0.8772359565919579,0.01281730769230774,0.7043759303862541
0.4,0.02,0.045,15,81,True,64.8767,1648.77,1000.0,0.01022335,0.0,0.01022335,0,375,375,750,61.44,648.7666346550001,648.7666346550001,0.8771077203757635,0.8770597058410938,0.012189102564103006,0.7041095924530305
0.4,0.01,0.06,25,76,False,64.8715,1648.71,1000.0,0.01022253,-0.0,0.01022253,0,141,141,282,60.86,648.7145980290001,648.7145980290001,0.8770340634809115,0.8769859682820588,0.011926282051282386,0.7039980786353298
0.4,0.01,0.06,30,66,False,64.8707,1648.71,1000.0,0.01022242,-0.0,0.01022242,0,141,141,282,60.86,648.707617506,648.707617506,0.8770227316509344,0.8769760766582857,0.01189102564102563,0.703982393951158
0.4,0.05,0.06,15,21,True,64.8524,1648.52,1000.0,0.01021953,0.0,0.01021953,0,118,118,236,34.99,648.524220129,648.524220129,0.8767635160402054,0.8767161967246135,0.01096474358974352,0.7035895657554355
0.4,0.02,0.05,20,61,True,64.8515,1648.51,1000.0,0.01021938,0.0,0.01021938,0,412,412,824,61.32,648.5147012340001,648.5147012340001,0.876750767731481,0.8767027081467413,0.010916666666666882,0.7035695296430964
0.4,0.04,0.06,30,21,True,64.8468,1648.47,1000.0,0.01021864,-0.0,0.01021864,0,176,176,352,49.99,648.467741352,648.467741352,0.8766841932303648,0.8766361644959048,0.010679487179487137,0.7034688433998514
0.4,0.035,0.06,20,86,True,64.8379,1648.38,1000.0,0.01021725,0.0,0.01021725,0,194,194,388,60.71,648.379532925,648.379532925,0.8765581266218683,0.8765111703409554,0.010233974358974737,0.7032792092850156
0.4,0.025,0.04,30,76,True,64.8325,1648.32,1000.0,0.01021638,0.0,0.01021638,0,255,255,510,61.8,648.324323334,648.324323334,0.8764816367695218,0.8764329365892962,0.009955128205128571,0.7031617250025756
0.4,0.035,0.05,30,86,True,64.83,1648.3,1000.0,0.01021599,0.0,0.01021599,0,165,165,330,61.3,648.299574207,648.299574207,0.8764462248008431,0.8763978662868283,0.009830128205128201,0.7031084979274957
0.4,0.015,0.045,30,96,True,64.8297,1648.3,1000.0,0.01021595,-0.0,0.01021595,0,187,187,374,63.21,648.297035835,648.297035835,0.8764419753646017,0.876394269332729,0.009817307692307766,0.7031027300205812
0.4,0.05,0.06,15,26,True,64.8173,1648.17,1000.0,0.010214,-0.0,0.010214,0,118,118,236,39.51,648.1732902000001,648.1732902000001,0.8762663319999547,0.8762189178203897,0.009192307692308142,0.702837302884556
0.4,0.01,0.055,30,86,False,64.8099,1648.1,1000.0,0.01021284,0.0,0.01021284,0,123,123,246,60.55,648.0996774120001,648.0996774120001,0.8761615125726654,0.8761146061515109,0.008820512820513254,0.7026792406958886
0.4,0.01,0.05,20,96,False,64.8005,1648.0,1000.0,0.01021134,-0.0,0.01021134,0,142,142,284,60.15,648.004488462,648.004488462,0.876028363570433,0.8759797203727883,0.008339743589743542,0.7024760466150017
0.35,0.04,0.06,15,31,True,64.8,1648.0,1000.0,0.01021127,0.0,0.01021127,0,190,190,380,51.37,648.000046311,648.000046311,0.8760212811766972,0.8759734257031145,0.008317307692307778,0.7024661298377445
0.4,0.02,0.055,25,76,True,64.7941,1647.94,1000.0,0.01021034,-0.0,0.01021034,0,228,228,456,62.31,647.9410291620001,647.9410291620001,0.8759377089306153,0.8758897965203066,0.008019230769230957,0.7023396395752458
0.4,0.02,0.055,30,66,True,64.7936,1647.94,1000.0,0.01021026,0.0,0.01021026,0,228,228,456,62.31,647.935952418,647.935952418,0.8759306265368795,0.8758826026121082,0.007993589743590084,0.7023288120007902
0.4,0.02,0.045,30,51,True,64.792,1647.92,1000.0,0.01021,-0.0,0.01021,0,386,386,772,61.42,647.9194530000001,647.9194530000001,0.8759079628769251,0.8758592224104629,0.007910256410256689,0.7022937994436528
0.4,0.015,0.03,25,91,True,64.7898,1647.9,1000.0,0.01020965,0.0,0.01020965,0,375,375,750,61.53,647.897242245,647.897242245,0.8758768003444877,0.8758277490620943,0.007798076923077313,0.7022463402754876
0.4,0.01,0.045,30,76,False,64.783,1647.83,1000.0,0.01020859,-0.0,0.01020859,0,142,142,284,58.85,647.829975387,647.829975387,0.8757804797896813,0.8757324297784636,0.007458333333333517,0.7021016354950464
0.4,0.015,0.055,20,71,True,64.7768,1647.77,1000.0,0.01020761,-0.0,0.01020761,0,258,258,516,62.22,647.7677852730001,647.7677852730001,0.8756926581073577,0.8756443044030315,0.007144230769231151,0.7019684665284346
0.4,0.03,0.055,30,86,True,64.7598,1647.6,1000.0,0.01020494,0.0,0.01020494,0,160,160,320,61.75,647.598348942,647.598348942,0.8754518567203418,0.8754042077169052,0.0062884615384614425,0.7016048829829347
0.4,0.015,0.055,25,61,True,64.7571,1647.57,1000.0,0.01020452,-0.0,0.01020452,0,258,258,516,62.22,647.571696036,647.571696036,0.8754136117941685,0.875366439698863,0.006153846153846301,0.7015475070375125
0.4,0.02,0.06,30,36,True,64.7478,1647.48,1000.0,0.01020304,-0.0,0.01020304,0,354,354,708,60.75,647.477776272,647.477776272,0.8752818792706835,0.87523335239719,0.005679487179487364,0.7013468427903962
0.4,0.015,0.05,20,66,True,64.7374,1647.37,1000.0,0.0102014,0.0,0.0102014,0,253,253,506,62.02,647.37370302,647.37370302,0.8751345654809795,0.87508587727912,0.005153846153846124,0.701123815154995
0.4,0.045,0.06,30,96,True,64.7171,1647.17,1000.0,0.0101982,0.0,0.0101982,0,106,106,212,61.07,647.1706332599999,647.1706332599999,0.8748470202953076,0.8747981209511785,0.004128205128205074,0.7006885874586483
0.4,0.02,0.05,25,96,False,64.7148,1647.15,1000.0,0.01019784,-0.0,0.01019784,0,91,91,182,58.82,647.147787912,647.147787912,0.874814441284123,0.8747657483642851,0.0040128205128205875,0.7006395092539112
0.35,0.035,0.05,25,11,True,64.7077,1647.08,1000.0,0.01019672,-0.0,0.01019672,0,249,249,498,39.72,647.076713496,647.076713496,0.8747138712930752,0.8746650336495055,0.003653846153846137,0.7004872149721584
0.4,0.025,0.06,25,91,False,64.6778,1646.78,1000.0,0.01019201,0.0,0.01019201,0,71,71,142,58.16,646.777820193,646.777820193,0.8742903441476765,0.8742414923043167,0.0021442307692308223,0.6998464659189794
0.4,0.04,0.06,20,86,True,64.6772,1646.77,1000.0,0.01019192,-0.0,0.01019192,0,176,176,352,60.39,646.772108856,646.772108856,0.8742818452751935,0.8742333991575933,0.0021153846153848395,0.6998340193079516
0.4,0.01,0.045,30,86,True,64.6731,1646.73,1000.0,0.01019127,0.0,0.01019127,0,269,269,538,63.56,646.730860311,646.730860311,0.8742237696465603,0.8741749486534803,0.0019070512820516317,0.6997457796757347
0.4,0.02,0.04,30,76,True,64.6699,1646.7,1000.0,0.01019077,0.0,0.01019077,0,273,273,546,62.18,646.699130661,646.699130661,0.8741784423266513,0.8741299867272394,0.0017467948717950614,0.6996775761558565
0.4,0.02,0.05,15,71,True,64.6559,1646.56,1000.0,0.01018856,0.0,0.01018856,0,412,412,824,61.29,646.558885608,646.558885608,0.87398013530205,0.8739312550132547,0.0010384615384614868,0.6993771364626936
0.4,0.035,0.055,30,86,True,64.6548,1646.55,1000.0,0.01018838,0.0,0.01018838,0,146,146,292,61.39,646.547462934,646.547462934,0.8739645540358312,0.8739150687198081,0.0009807692307695218,0.6993529514800119
0.4,0.025,0.04,25,86,True,64.65,1646.5,1000.0,0.01018763,-0.0,0.01018763,0,255,255,510,61.76,646.499868459,646.499868459,0.873896563055968,0.8738476258304467,0.0007403846153846661,0.699250646200195
0.35,0.035,0.055,25,11,True,64.6374,1646.37,1000.0,0.01018565,-0.0,0.01018565,0,240,240,480,41.44,646.374219045,646.374219045,0.8737180867338267,0.8736695766025329,0.00010576923076915858,0.698981070193827
0.4,0.01,0.05,30,71,False,64.6354,1646.35,1000.0,0.01018532,0.0,0.01018532,0,142,142,284,60.12,646.353277476,646.353277476,0.8736897571588836,0.873639901731214,0.0,0.6989368490988059
0.05,0.015,0.055,30,91,True,5.9509,1059.51,392.06,0.00085679,0.0096609,0.01051769,13,179,166,345,73.54,54.371293647,667.445245017,0.04243628678595306,0.034782546139928705,0.10652884615384618,0.052958676465724386
0.05,0.015,0.055,30,96,True,5.793,1057.93,371.6,0.0008319,0.00998332,0.01081522,13,179,166,345,73.65,52.79179167,686.3262905460001,0.04019966684419867,0.032544341451658736,0.20189102564102587,0.07024134098580213
0.05,0.01,0.025,25,86,True,5.5705,1055.7,397.98,0.0008198,0.00954468,0.01036447,16,262,246,508,73.61,52.02393414,657.7220110710001,0.03704800163178352,0.03145626283662994,0.05741987179487215,0.03944485402585517
0.05,0.01,0.025,30,76,True,5.5273,1055.27,391.4,0.0008131,0.00964828,0.01046138,16,262,246,508,73.65,51.59875683,663.871851834,0.03643608281301348,0.030853773025002428,0.08848076923076914,0.0451703271601613
0.05,0.01,0.055,15,86,True,5.4885,1054.88,401.02,0.00076446,0.0095393,0.01030376,21,87,66,153,73.39,48.512096478000004,653.869396968,0.035886489059118155,0.02647987684029164,0.037961538461538734,0.03347951527395432
0.05,0.01,0.025,25,91,True,5.4306,1054.31,376.56,0.00079821,0.00988178,0.01067999,16,262,246,508,73.72,50.653847853,677.744689407,0.035066347864516643,0.029514806861549645,0.15854807692307715,0.05809723137533865
0.05,0.01,0.055,30,56,True,5.4305,1054.31,391.36,0.0007548,0.009692,0.01044679,21,87,66,153,73.46,47.899079640000004,662.9459806469999,0.03506493138576949,0.025611212425318244,0.08380448717948707,0.041976726856377634
0.05,0.01,0.055,20,76,True,5.3957,1053.96,385.67,0.00074902,0.00978194,0.01053096,21,87,66,153,73.5,47.532284886,668.287349928,0.03457199678176028,0.025091452557973907,0.11078205128205162,0.04696984441468264
0.05,0.01,0.055,25,66,True,5.3766,1053.77,382.59,0.00074587,0.00983058,0.01057645,21,87,66,153,73.52,47.332388091000006,671.174113485,0.034301449341054085,0.0248081924226565,0.12536217948717943,0.04966561829475988
0.05,0.01,0.025,30,81,True,5.37,1053.7,367.21,0.00078896,0.01002881,0.01081778,16,262,246,508,73.76,50.066849328,686.4887463540001,0.034207961743742,0.028683011226093746,0.2027115384615388,0.06625119193200689
0.05,0.01,0.055,15,91,True,5.359,1053.59,379.77,0.00074297,0.00987524,0.01061821,21,87,66,153,73.54,47.148356121000006,673.824173853,0.034052149081555176,0.024547413250459515,0.1387467948717948,0.0521396574902744
0.05,0.01,0.025,25,96,True,5.2989,1052.99,356.22,0.0007782,0.01020157,0.01097977,16,262,246,508,73.82,49.38402726,696.768518361,0.0332008453545163,0.02771543057339046,0.2546314102564103,0.07584133390055735
0.05,0.01,0.055,20,81,True,5.2432,1052.43,361.64,0.00072403,0.01016149,0.01088552,21,87,66,153,73.66,45.946436979,690.7874793359999,0.032411866692352145,0.02284425548445576,0.22442307692307675,0.06794382537612816
0.05,0.01,0.055,15,96,True,5.2297,1052.3,359.59,0.00072184,0.01019395,0.01091579,21,87,66,153,73.68,45.807461112,692.708392347,0.03222064206148651,0.022647322247520797,0.23412500000000006,0.06972951770499951
0.05,0.01,0.055,30,61,True,5.2266,1052.27,359.12,0.00072135,0.01020131,0.01092266,21,87,66,153,73.68,45.776366055000004,693.144357738,0.03217673122032477,0.022603259559804762,0.23632692307692338,0.0701347280934885
0.05,0.01,0.025,30,86,True,5.2225,1052.22,344.42,0.00076674,0.01038688,0.01115362,16,262,246,508,73.87,48.656783682000004,707.800917666,0.032118655591691504,0.026684903223949962,0.310352564102564,0.08613531158354354
0.05,0.01,0.055,25,71,True,5.1997,1052.0,355.05,0.00071699,0.01026565,0.01098265,21,87,66,153,73.7,45.49968350700001,696.951281145,0.03179569843734065,0.02221119156298447,0.25555448717948726,0.07367210412346312
0.05,0.015,0.05,30,96,True,5.1611,1051.61,398.55,0.00072712,0.00956389,0.01029101,12,193,181,374,73.67,46.14252621600001,653.060290893,0.03124893764093964,0.02312212018862428,0.03387500000000008,0.02933610487705712
0.05,0.01,0.055,20,86,True,5.0916,1050.92,339.05,0.00069963,0.01051812,0.01121775,21,87,66,153,73.8,44.398030059,711.870562575,0.03026448491166838,0.020650113483901833,0.33090705128205145,0.08750868675741504
0.05,0.01,0.025,30,91,True,5.0828,1050.83,322.96,0.0007461,0.01072371,0.01146981,16,262,246,508,73.97,47.34698373,727.866113733,0.030139834781918926,0.02482887490872729,0.411695512820513,0.10485768242768025
0.05,0.01,0.055,30,66,True,5.0245,1050.25,329.42,0.00068898,0.01066992,0.0113589,21,87,66,153,73.85,43.722188513999996,720.8278427700001,0.0293140276723288,0.019692424454971526,0.3761474358974359,0.09579422835214305
0.05,0.01,0.055,25,76,True,5.0243,1050.24,329.39,0.00068895,0.01067034,0.0113593,21,87,66,153,73.85,43.720284735,720.85322649,0.0293111947148345,0.019689726739397083,0.3762756410256408,0.09581764358436454
0.05,0.01,0.035,20,91,True,4.9948,1049.95,387.02,0.00072016,0.00972632,0.01044648,18,125,107,232,73.64,45.700849488,662.926308264,0.028893333484424393,0.02249625017535151,0.08370512820512813,0.03793656743584327
0.05,0.01,0.025,30,96,True,4.9496,1049.5,302.75,0.00072678,0.01104047,0.01176725,16,262,246,508,74.05,46.120950054000005,746.741447925,0.0282530850907113,0.02309154607878049,0.5070288461538461,0.12245977559975903
0.05,0.01,0.055,20,91,True,4.9415,1049.42,317.79,0.00067592,0.01085312,0.01152903,21,87,66,153,73.91,42.893410056,731.624173479,0.028138350312191907,0.018518018941560285,0.4306762820512818,0.1057598372488204
0.05,0.01,0.035,25,81,True,4.9308,1049.31,374.6,0.00071019,0.00992195,0.01063214,18,125,107,232,73.7,45.068160267,674.708161902,0.02798678708624655,0.021599709366108777,0.14321153846153858,0.04911561404526363
0.05,0.01,0.035,30,71,True,4.9126,1049.13,371.1,0.00070736,0.00997703,0.01068439,18,125,107,232,73.72,44.888570448,678.0239103270001,0.027728987954264737,0.021345224863585515,0.1599583333333335,0.05225972810287473
0.05,0.01,0.035,20,96,True,4.8898,1048.9,366.78,0.00070386,0.01004507,0.01074893,18,125,107,232,73.74,44.666462898000006,682.119573549,0.02740603079991388,0.021030491379899506,0.18064423076923097,0.05614100896777299
0.05,0.01,0.05,20,86,True,4.8779,1048.78,388.19,0.0006961,0.00971351,0.01040961,19,94,75,169,73.69,44.17401873,660.586563873,0.02723746982900269,0.020332682284641364,0.07188782051282057,0.034096103702457865
0.05,0.01,0.055,25,81,True,4.8513,1048.51,305.5,0.00066186,0.01104663,0.01170849,21,87,66,153,73.97,42.001172298,743.012579457,0.026860686482260022,0.017253689575667325,0.4881955128205129,0.11624555267793278
0.05,0.01,0.055,30,71,True,4.8256,1048.26,302.05,0.00065787,0.01110087,0.01175874,21,87,66,153,73.99,41.747969691,746.2014092820001,0.026496651444241726,0.016894893404265265,0.5043012820512821,0.11917705015365687
0.05,0.01,0.05,30,66,True,4.8173,1048.17,378.54,0.00068666,0.00986555,0.01055221,19,94,75,169,73.74,43.574962938,669.635860053,0.026379083708228047,0.019483801117213942,0.11759294871794865,0.04255327193286794
0.05,0.01,0.05,25,76,True,4.8172,1048.17,378.51,0.00068663,0.00986597,0.0105526,19,94,75,169,73.74,43.573059159,669.66060918,0.026377667229480883,0.019481103401639496,0.11771794871794902,0.04257675437882209
0.05,0.01,0.035,25,86,True,4.8103,1048.1,351.9,0.00069171,0.01027912,0.01097083,18,125,107,232,73.81,43.895432403,696.2011922190001,0.026279930195927337,0.01993791657224662,0.251766025641026,0.06947454519784287
0.05,0.01,0.055,20,96,True,4.7935,1047.94,297.81,0.00065292,0.01116772,0.01182064,21,87,66,153,74.01,41.433846156,750.1295399520001,0.026041961766405653,0.01644977033448076,0.5241410256410257,0.1227841171117522
0.05,0.01,0.035,30,76,True,4.7744,1047.74,345.31,0.00068627,0.01038277,0.01106904,18,125,107,232,73.84,43.550213811,702.433530072,0.025771414325699456,0.019448730814746074,0.28324358974359,0.07536904435599155
0.05,0.01,0.05,20,91,True,4.7429,1047.43,366.83,0.00067513,0.01004979,0.01072492,19,94,75,169,73.8,42.843277209,680.5959157560001,0.025325223520346295,0.018446979098099732,0.17294871794871827,0.05278644907934672
0.05,0.01,0.035,25,91,True,4.6922,1046.92,330.5,0.00067395,0.01061547,0.01128943,18,125,107,232,73.9,42.768395235,716.419325199,0.024607068795539786,0.0183408689521713,0.3538814102564102,0.08858207713470333
0.05,0.01,0.055,25,86,True,4.6814,1046.81,283.26,0.00063575,0.0113964,0.01203214,21,87,66,153,74.08,40.344249975000004,763.551181902,0.02445408909084728,0.01490577778736966,0.5919294871794872,0.135084675317532
0.05,0.01,0.05,25,81,True,4.6625,1046.62,354.4,0.00066279,0.01024535,0.01090814,19,94,75,169,73.86,42.060189447000006,692.222928702,0.02418637460763538,0.017337318758475325,0.23167307692307706,0.06362899831597571
0.05,0.01,0.05,30,71,True,4.6396,1046.4,350.9,0.0006593,0.01030034,0.01095964,19,94,75,169,73.88,41.83871649,695.491082652,0.023862000974537372,0.01702348451331413,0.24817948717948715,0.06667394327716036
0.05,0.01,0.035,30,81,True,4.6395,1046.39,321.21,0.00066615,0.01076136,0.01142751,18,125,107,232,73.94,42.273412695000005,725.181785343,0.023860584495790222,0.017639462902813898,0.39813782051282054,0.09684969522130339
0.05,0.01,0.055,30,76,True,4.6307,1046.31,276.86,0.00062806,0.011497,0.01212507,21,87,66,153,74.11,39.856247958,769.448454651,0.02373593436604077,0.014214263361785237,0.6217147435897435,0.14047519490950466
0.05,0.01,0.05,20,96,True,4.6112,1046.11,346.59,0.00065499,0.01036822,0.01102321,19,94,75,169,73.9,41.565206907000004,699.5251903530001,0.023459721010345963,0.016635912709117923,0.2685544871794873,0.07043153175380581
0.05,0.01,0.035,25,96,True,4.5766,1045.77,310.33,0.00065692,0.01093213,0.01158905,18,125,107,232,73.99,41.687683356,735.433000665,0.022969619363831063,0.016809465744407632,0.44991346153846157,0.10651034171293014
0.05,0.01,0.055,25,91,True,4.5148,1045.15,262.57,0.00061064,0.01172138,0.01233202,21,87,66,153,74.18,38.750786952,782.5813567860001,0.022094235498090586,0.012647789851553702,0.688044871794872,0.1524504290634858
0.05,0.01,0.05,25,86,True,4.5122,1045.12,331.75,0.00064007,0.01060138,0.01124145,19,94,75,169,73.97,40.618394151,713.374547985,0.02205740705066461,0.015294248830090677,0.3385032051282052,0.08331761920000054
0.05,0.01,0.035,30,86,True,4.5079,1045.08,298.71,0.00064697,0.01111449,0.01176146,18,125,107,232,74.03,41.056263321,746.374018578,0.02199649846453704,0.015914723412214535,0.5051730769230768,0.11680728164054824
0.05,0.01,0.06,25,81,True,4.4877,1044.88,383.86,0.00065777,0.00975863,0.0104164,18,82,64,146,73.99,41.741623761,661.01745252,0.02171036975761216,0.0168859010190171,0.07406410256410248,0.030733775697331704
0.05,0.01,0.05,30,76,True,4.4677,1044.68,325.18,0.00063342,0.01070445,0.01133787,19,94,75,169,74.0,40.196389806,719.4932936910001,0.021427074008181578,0.014696255211087252,0.36940705128205126,0.08900382382382721
0.05,0.01,0.06,30,71,True,4.46,1044.6,380.36,0.00065357,0.00981355,0.01046711,18,82,64,146,74.01,41.475094701,664.2354736230001,0.02131800514465081,0.016508220838593882,0.09031730769230782,0.03367493036236514
0.05,0.01,0.055,30,81,True,4.4405,1044.4,253.67,0.00059959,0.01186096,0.01246055,21,87,66,153,74.22,38.049561687,790.7377806150001,0.021041791788956,0.011654131281630715,0.7292403846153848,0.1598652122020442
0.05,0.01,0.06,20,96,True,4.4258,1044.26,376.05,0.00064837,0.00988141,0.01052978,18,82,64,146,74.03,41.145106341,668.2124679540001,0.02083356941312452,0.016040616805688943,0.11040384615384652,0.03730973897903825
0.05,0.01,0.035,30,91,True,4.3797,1043.8,277.69,0.0006287,0.01144375,0.01207245,18,125,107,232,74.12,39.896861910000005,766.1092262850001,0.020180572710687045,0.014271814627373544,0.604849358974359,0.1353417025384274
0.05,0.01,0.05,25,91,True,4.3663,1043.66,310.46,0.00061843,0.01093542,0.01155385,19,94,75,169,74.07,39.245134899,733.199233305,0.01999076455856856,0.013348296662386292,0.43863141025641,0.10172615332928217
0.05,0.01,0.055,25,96,True,4.3519,1043.52,243.31,0.00058654,0.01202323,0.01260977,21,87,66,153,74.26,37.221417822,800.207177361,0.019786791618978544,0.010480625006744288,0.7770673076923074,0.16845104484997403
0.05,0.01,0.06,25,86,True,4.3068,1043.07,361.17,0.00063044,0.010115,0.01074544,18,82,64,146,74.1,40.007281092,681.898100592,0.0191479597040126,0.014428282130691732,0.1795256410256412,0.049807592696342065
0.05,0.01,0.05,30,81,True,4.3016,1043.02,301.25,0.00060897,0.01107991,0.01168888,19,94,75,169,74.11,38.644809921000004,741.7681425840001,0.019074302809160646,0.012497617017909237,0.48191025641025653,0.1096684877920044
0.05,0.01,0.055,30,86,True,4.2552,1042.55,232.33,0.00057244,0.01219518,0.01276762,21,87,66,153,74.31,36.326641692,810.2242278660001,0.01841705667048172,0.00921269868675206,0.8276602564102564,0.17750438922331777
0.05,0.01,0.035,30,96,True,4.2549,1042.55,258.07,0.00061133,0.01175063,0.01236196,18,125,107,232,74.2,38.794573869000004,784.481328228,0.01841280723424026,0.01270983730976609,0.6976410256410255,0.15254755993825506
0.05,0.01,0.06,30,76,True,4.2536,1042.54,354.57,0.00062247,0.01021852,0.01084099,18,82,64,146,74.13,39.501510471,687.961636707,0.018394393010527265,0.013711589026412431,0.21015064102564113,0.055340801418315586
0.05,0.01,0.045,30,71,True,4.2421,1042.42,387.97,0.00059627,0.00971662,0.01031288,17,98,81,179,74.03,37.838876811,654.4481457840001,0.018231497954604686,0.011355584091391408,0.04088461538461553,0.020699347281642876
0.05,0.01,0.05,25,96,True,4.2248,1042.25,290.47,0.00059784,0.01124872,0.01184656,19,94,75,169,74.15,37.938507912,751.774405008,0.01798644713134724,0.011496764539787707,0.5324487179487182,0.11893199651735357
0.05,0.01,0.045,20,96,True,4.2166,1042.17,383.65,0.00059223,0.00978469,0.01037691,17,98,81,179,74.05,37.582501239,658.511444763,0.0178702958740807,0.010992291727365268,0.06140705128205131,0.024514245711660193
0.05,0.01,0.05,30,86,True,4.1413,1041.41,278.98,0.00058588,0.01142861,0.01201449,19,94,75,169,74.2,37.179534684000004,762.431125257,0.01680368737747459,0.010421275264106356,0.5862724358974356,0.12878271344745632
0.05,0.01,0.06,25,91,True,4.1329,1041.33,339.75,0.00060451,0.01045112,0.01105562,18,82,64,146,74.2,38.361781443000005,701.581906266,0.016684703162713747,0.012096556635840775,0.2789423076923079,0.06775978011057068
0.05,0.01,0.045,25,86,True,4.1276,1041.28,368.77,0.00057825,0.01001912,0.01059738,17,98,81,179,74.12,36.695340225,672.5023166340001,0.016609629789114646,0.009735156269670843,0.13207051282051294,0.03763946433956117
0.05,0.01,0.045,30,76,True,4.0877,1040.88,362.17,0.00057203,0.01012309,0.01069511,17,98,81,179,74.15,36.300623379,678.7041940230001,0.016044454769000644,0.009175829907234551,0.16339423076923112,0.04345382251051691
0.05,0.01,0.055,30,91,True,4.075,1040.75,212.7,0.00054658,0.01250194,0.01304852,21,87,66,153,74.4,34.685584194,828.049945236,0.015864561968112232,0.006887267861574816,0.9176923076923073,0.19353692288099
0.05,0.01,0.06,30,81,True,4.0562,1040.56,330.44,0.0005932,0.01059707,0.01119027,18,82,64,146,74.24,37.644056760000005,710.126701011,0.015598263963647482,0.011079517864272534,0.32209935897435915,0.07554285913597734
0.05,0.01,0.045,25,91,True,3.9966,1039.97,347.32,0.00055796,0.01035685,0.01091481,17,98,81,179,74.21,35.40775102800001,692.646202233,0.014754042630344372,0.007910601302816778,0.23381089743589767,0.05651238119319675
0.05,0.01,0.05,30,91,True,3.9867,1039.87,258.28,0.00056409,0.01175232,0.01231641,19,94,75,169,74.29,35.796756537,781.590757113,0.014613811234376238,0.008461834518529705,0.6830416666666665,0.14645378930608033
0.05,0.01,0.06,25,96,True,3.9656,1039.66,319.52,0.0005799,0.01076806,0.01134796,18,82,64,146,74.29,36.800048069999995,720.133598028,0.014314934218726979,0.009883530626265674,0.3726410256410259,0.08465073142544838
0.05,0.01,0.045,30,81,True,3.9385,1039.39,337.99,0.00054907,0.01050365,0.01105272,17,98,81,179,74.25,34.843597851000006,701.397874296,0.01393106847824855,0.007111178254254301,0.27801282051282067,0.0647014518179647
0.05,0.01,0.055,30,96,True,3.8999,1039.0,194.65,0.00052198,0.01278334,0.01330532,21,87,66,153,74.48,33.124485414000006,844.346293476,0.013384307681847542,0.004675141090524546,1.0,0.20809469616808116
0.05,0.01,0.045,25,96,True,3.8694,1038.69,327.04,0.00053859,0.01067574,0.01121433,17,98,81,179,74.3,34.178544387,711.653531769,0.012952281663965915,0.0061687762802458915,0.3298108974358974,0.07428895320323621
0.05,0.01,0.06,30,86,True,3.8675,1038.67,307.85,0.00056563,0.01095083,0.01151646,18,82,64,146,74.34,35.894483859000005,730.826490078,0.012925368567770011,0.008600317251351557,0.42664743589743565,0.0943722666387776
0.05,0.01,0.05,30,96,True,3.8374,1038.37,239.03,0.00054353,0.0120527,0.01259623,19,94,75,169,74.37,34.492033329,799.347938439,0.012499008464876993,0.006613000111505575,0.7727275641025639,0.16277891708640296
0.05,0.01,0.045,30,86,True,3.7943,1037.94,315.32,0.00052729,0.01085984,0.01138713,17,98,81,179,74.35,33.461454297,722.619298809,0.0118885061248541,0.005152636747202472,0.385195512820513,0.0845291466506904
0.05,0.01,0.06,30,91,True,3.6869,1036.87,286.72,0.00053968,0.01128128,0.01182096,18,82,64,146,74.43,34.247715024,750.149846928,0.010367207950411912,0.006266793279450958,0.5242435897435898,0.1119123599077592
0.05,0.01,0.045,30,91,True,3.6547,1036.55,294.09,0.00050662,0.01119309,0.01169971,17,98,81,179,74.43,32.149750566,742.4554068030001,0.009911101793828685,0.0032939107164053536,0.48538141025641035,0.10302000616311803
0.05,0.01,0.04,25,86,True,3.5555,1035.55,377.22,0.00055264,0.0098215,0.01037414,18,96,78,174,74.29,35.070147552,658.3356625020001,0.008505954876653028,0.00743220640761403,0.06051923076923107,0.01858648551445694
0.05,0.01,0.045,30,96,True,3.5194,1035.19,274.21,0.00048696,0.01150479,0.01199175,17,98,81,179,74.51,30.902140728,760.9880607750001,0.007994606048930842,0.001526007776614762,0.5789839743589745,0.12025190022924476
0.05,0.01,0.04,30,76,True,3.5159,1035.16,370.63,0.00054703,0.00992466,0.01047169,18,96,78,174,74.33,34.714140879,664.5261172170001,0.007945029292780487,0.006927733595191592,0.09178525641025671,0.024407886006999065
0.05,0.01,0.06,30,96,True,3.514,1035.14,266.96,0.00051523,0.01158987,0.0121051,18,82,64,146,74.51,32.696135139,768.1811724300001,0.007918116196584583,0.004068155086272943,0.6153141025641027,0.1282423251369947
0.05,0.01,0.04,25,91,True,3.4257,1034.26,355.81,0.00053434,0.01015675,0.01069109,18,96,78,174,74.39,33.908842362,678.449087637,0.006667365462848594,0.005786599907198586,0.16210576923076944,0.037490816549737765
0.05,0.01,0.04,30,81,True,3.3682,1033.68,346.49,0.0005263,0.01030263,0.01082893,18,96,78,174,74.44,33.398629590000006,687.196317549,0.005852890183235687,0.005063612133245573,0.20628525641025666,0.04570258001364285
0.05,0.01,0.04,25,96,True,3.2998,1033.0,335.54,0.00051681,0.01047376,0.01099056,18,96,78,174,74.48,32.79640083300001,697.453244208,0.004884018720183119,0.004210234773194063,0.2580897435897436,0.055323028509998505
0.05,0.01,0.04,30,86,True,3.2256,1032.26,323.82,0.00050658,0.01065697,0.01116355,18,96,78,174,74.53,32.147212194,708.431068515,0.003832991489795686,0.0032903137623060768,0.3135352564102563,0.06561064115564094
0.05,0.01,0.04,30,91,True,3.0879,1030.88,302.56,0.00048782,0.01098906,0.01147688,18,96,78,174,74.62,30.956715726,728.314770984,0.0018825002549661715,0.001603342289749039,0.4139615384615385,0.08421456050671551
0.05,0.01,0.04,30,96,True,2.955,1029.55,282.62,0.00046999,0.01130019,0.01177018,18,96,78,174,74.7,29.825236407000002,746.927383674,0.0,0.0,0.5079679487179487,0.10159358974358974
