rsi_length,n_ventana,rsi_buy_trigger,rsi_sell_trigger,floor_pct,factor_caida,factor_subida,pct_ath_proyectado,guardia_compra,guardia_precio_compra,guardia_precio_venta,usdt_reserva_pct,btc_acumula_pct,prof_zona_pct,pnl_pct,portfolio_final,usdt_final,btc_libre,btc_en_pos,btc_total,n_pos_final,total_compras,total_ventas,total_trades,ordenes_canceladas,max_drawdown,btc_total_usd,pnl_norm,btc_norm,port_norm,combo_score
14,10,20,90,15,3.5,1.5,750,False,False,True,0,1,0.0,463.9397,5639.4,9.28,1.28e-06,0.04507535,0.04507663,52,53,1,54,8,32.22,5630.113008265899,1.0,1.0,1.0,1.0
14,10,20,90,15,3.5,1.5,750,False,False,False,0,1,0.0,463.9397,5639.4,9.28,1.28e-06,0.04507535,0.04507663,52,53,1,54,8,32.22,5630.113008265899,1.0,1.0,1.0,1.0
14,10,20,90,15,3.5,1.5,750,False,False,False,0,0,0.0,463.937,5639.37,9.29,0.0,0.04507636,0.04507636,52,53,1,54,8,32.22,5630.0792850148,0.9999509254193604,0.999940734887397,0.9999454733819231,0.9999467778522838
14,10,20,90,15,3.5,1.5,750,False,False,True,0,0,0.0,463.937,5639.37,9.29,0.0,0.04507636,0.04507636,52,53,1,54,8,32.22,5630.0792850148,0.9999509254193604,0.999940734887397,0.9999454733819231,0.9999467778522838
14,10,20,90,15,3.5,1.5,500,False,False,True,0,1,0.0,463.8375,5638.38,9.54,1.77e-06,0.04506463,0.0450664,52,53,1,54,8,32.22,5628.835271751999,0.99814243624394,0.9977545107335704,0.9981460949853695,0.9980267903391149
14,10,20,90,15,3.5,1.5,500,False,False,False,0,1,0.0,463.8375,5638.38,9.54,1.77e-06,0.04506463,0.0450664,52,53,1,54,8,32.22,5628.835271751999,0.99814243624394,0.9977545107335704,0.9981460949853695,0.9980267903391149
14,10,20,90,15,3.5,1.5,500,False,False,False,0,0,0.0,463.8338,5638.34,9.55,0.0,0.04506603,0.04506603,52,53,1,54,8,32.22,5628.7890584079,0.9980751858926935,0.9976732955792618,0.9980733928279331,0.9979542601857119
14,10,20,90,15,3.5,1.5,500,False,False,True,0,0,0.0,463.8338,5638.34,9.55,0.0,0.04506603,0.04506603,52,53,1,54,8,32.22,5628.7890584079,0.9980751858926935,0.9976732955792618,0.9980733928279331,0.9979542601857119
14,10,20,90,15,3.5,1.5,350,False,False,True,0,1,0.0,463.6914,5636.91,9.91,2.47e-06,0.0450493,0.04505177,52,53,1,54,8,32.21,5627.007971146099,0.9954869561582232,0.994543219632117,0.9954742906995769,0.9952013021086621
14,10,20,90,15,3.5,1.5,350,False,False,False,0,1,0.0,463.6914,5636.91,9.91,2.47e-06,0.0450493,0.04505177,52,53,1,54,8,32.21,5627.007971146099,0.9954869561582232,0.994543219632117,0.9954742906995769,0.9952013021086621
14,10,20,90,15,3.5,1.5,350,False,False,False,0,0,0.0,463.6862,5636.86,9.92,0.0,0.04505125,0.04505125,52,53,1,54,8,32.21,5626.9430226625,0.9953924421510656,0.9944290794152513,0.9953834130027809,0.9951016275006644
14,10,20,90,15,3.5,1.5,350,False,False,True,0,0,0.0,463.6862,5636.86,9.92,0.0,0.04505125,0.04505125,52,53,1,54,8,32.21,5626.9430226625,0.9953924421510656,0.9944290794152513,0.9953834130027809,0.9951016275006644
14,20,20,90,15,3.5,1.5,750,True,False,True,0,1,0.0,463.2762,5632.76,6.88,1.1e-06,0.04504168,0.04504279,28,29,1,30,8,32.24,5625.8863607947,0.9879403762021001,0.9925721058870012,0.9879314418655384,0.9893281082402581
14,20,20,90,15,3.5,1.5,750,True,False,False,0,1,0.0,463.2762,5632.76,6.88,1.1e-06,0.04504168,0.04504279,28,29,1,30,8,32.24,5625.8863607947,0.9879403762021001,0.9925721058870012,0.9879314418655384,0.9893281082402581
14,20,20,90,15,3.5,1.5,750,True,False,True,0,0,0.0,463.2723,5632.72,6.89,0.0,0.0450424,0.0450424,28,29,1,30,8,32.24,5625.837649432,0.987869490696731,0.9924865007243522,0.987858739708102,0.9892524435072916
14,20,20,90,15,3.5,1.5,750,True,False,False,0,0,0.0,463.2723,5632.72,6.89,0.0,0.0450424,0.0450424,28,29,1,30,8,32.24,5625.837649432,0.987869490696731,0.9924865007243522,0.987858739708102,0.9892524435072916
14,20,20,90,15,3.5,1.5,500,True,False,False,0,1,0.0,463.1299,5631.3,7.26,1.52e-06,0.04502644,0.04502796,28,29,1,30,8,32.24,5624.0340800028,0.9852812609622618,0.9893169147021378,0.9852778131191053,0.9864912675155932
14,20,20,90,15,3.5,1.5,500,True,False,True,0,1,0.0,463.1299,5631.3,7.26,1.52e-06,0.04502644,0.04502796,28,29,1,30,8,32.24,5624.0340800028,0.9852812609622618,0.9893169147021378,0.9852778131191053,0.9864912675155932
14,20,20,90,15,3.5,1.5,500,True,False,True,0,0,0.0,463.1245,5631.25,7.28,0.0,0.04502742,0.04502742,28,29,1,30,8,32.24,5623.9666335005995,0.9851831118009825,0.9891983844769303,0.9851869354223093,0.9863884583280321
14,20,20,90,15,3.5,1.5,500,True,False,False,0,0,0.0,463.1245,5631.25,7.28,0.0,0.04502742,0.04502742,28,29,1,30,8,32.24,5623.9666335005995,0.9851831118009825,0.9891983844769303,0.9851869354223093,0.9863884583280321
14,20,20,90,15,3.5,1.5,350,True,False,False,0,1,0.0,462.9202,5629.2,7.82,2.13e-06,0.0450046,0.04500673,28,29,1,30,8,32.23,5621.3824332589,0.9814698018659247,0.9846569208481502,0.9814609498536873,0.9824241671581448
14,20,20,90,15,3.5,1.5,350,True,False,True,0,1,0.0,462.9202,5629.2,7.82,2.13e-06,0.0450046,0.04500673,28,29,1,30,8,32.23,5621.3824332589,0.9814698018659247,0.9846569208481502,0.9814609498536873,0.9824241671581448
14,20,20,90,15,3.5,1.5,350,True,False,True,0,0,0.0,462.9128,5629.13,7.84,0.0,0.04500598,0.04500598,28,29,1,30,8,32.23,5621.2887575613995,0.9813353011634308,0.9844922955353619,0.9813337210781738,0.9822820834579586
14,20,20,90,15,3.5,1.5,350,True,False,False,0,0,0.0,462.9128,5629.13,7.84,0.0,0.04500598,0.04500598,28,29,1,30,8,32.23,5621.2887575613995,0.9813353011634308,0.9844922955353619,0.9813337210781738,0.9822820834579586
14,10,20,90,15,3.5,1.5,750,True,False,False,0,1,0.0,461.9951,5619.95,20.03,1.48e-06,0.04483343,0.04483492,22,23,1,24,8,32.12,5599.9232044756,0.9646553964771715,0.9469445541946532,0.9646485759464916,0.9593407796862801
14,10,20,90,15,3.5,1.5,750,True,False,True,0,1,0.0,461.9951,5619.95,20.03,1.48e-06,0.04483343,0.04483492,22,23,1,24,8,32.12,5599.9232044756,0.9646553964771715,0.9469445541946532,0.9646485759464916,0.9593407796862801
14,10,20,90,15,3.5,1.5,750,True,False,True,0,0,0.0,461.9887,5619.89,20.04,0.0,0.04483427,0.04483427,22,23,1,24,8,32.12,5599.8420188711,0.9645390715452854,0.9468018789235706,0.9645395227103376,0.9592180039917814
14,10,20,90,15,3.5,1.5,750,True,False,False,0,0,0.0,461.9887,5619.89,20.04,0.0,0.04483427,0.04483427,22,23,1,24,8,32.12,5599.8420188711,0.9645390715452854,0.9468018789235706,0.9645395227103376,0.9592180039917814
14,10,20,90,15,3.5,1.5,500,True,False,False,0,1,0.0,461.7524,5617.52,20.66,2.05e-06,0.0448084,0.04481045,22,23,1,24,8,32.11,5596.8668787185,0.9602441369507965,0.9415733789894205,0.9602319198822239,0.9546404661486692
14,10,20,90,15,3.5,1.5,500,True,False,True,0,1,0.0,461.7524,5617.52,20.66,2.05e-06,0.0448084,0.04481045,22,23,1,24,8,32.11,5596.8668787185,0.9602441369507965,0.9415733789894205,0.9602319198822239,0.9546404661486692
14,10,20,90,15,3.5,1.5,500,True,False,False,0,0,0.0,461.7435,5617.43,20.68,0.0,0.04480956,0.04480956,22,23,1,24,8,32.11,5596.7557168908,0.9600823725923914,0.9413780236182446,0.9600683400279915,0.9544682613872674
14,10,20,90,15,3.5,1.5,500,True,False,True,0,0,0.0,461.7435,5617.43,20.68,0.0,0.04480956,0.04480956,22,23,1,24,8,32.11,5596.7557168908,0.9600823725923914,0.9413780236182446,0.9600683400279915,0.9544682613872674
14,10,20,90,15,3.5,1.5,350,True,False,False,0,1,0.0,461.4057,5614.06,21.55,2.86e-06,0.04477265,0.04477552,22,23,1,24,8,32.1,5592.504089233599,0.9539425972812684,0.9339062294218359,0.9539431832639648,0.9479318041199779
14,10,20,90,15,3.5,1.5,350,True,False,True,0,1,0.0,461.4057,5614.06,21.55,2.86e-06,0.04477265,0.04477552,22,23,1,24,8,32.1,5592.504089233599,0.9539425972812684,0.9339062294218359,0.9539431832639648,0.9479318041199779
14,10,20,90,15,3.5,1.5,350,True,False,True,0,0,0.0,461.3934,5613.93,21.59,0.0,0.04477427,0.04477427,22,23,1,24,8,32.1,5592.347963071099,0.9537190353027987,0.9336318539005221,0.9537069012522958,0.9476904540720151
14,10,20,90,15,3.5,1.5,350,True,False,False,0,0,0.0,461.3934,5613.93,21.59,0.0,0.04477427,0.04477427,22,23,1,24,8,32.1,5592.347963071099,0.9537190353027987,0.9336318539005221,0.9537069012522958,0.9476904540720151
14,20,20,90,15,3.5,1.5,750,False,True,False,0,1,0.0,458.9035,5589.04,83.63,4.88e-06,0.04407331,0.04407819,16,17,1,18,8,31.5,5505.4069237167005,0.9084631840678464,0.7808420035998076,0.9084679837874194,0.8701777898713493
14,20,20,90,15,3.5,1.5,750,False,True,True,0,1,0.0,458.9035,5589.04,83.63,4.88e-06,0.04407331,0.04407819,16,17,1,18,8,31.5,5505.4069237167005,0.9084631840678464,0.7808420035998076,0.9084679837874194,0.8701777898713493
14,20,20,90,15,3.5,1.5,750,True,True,False,0,1,0.0,458.9035,5589.04,83.63,4.88e-06,0.04407331,0.04407819,16,17,1,18,8,31.5,5505.4069237167005,0.9084631840678464,0.7808420035998076,0.9084679837874194,0.8701777898713493
14,20,20,90,15,3.5,1.5,750,True,True,True,0,1,0.0,458.9035,5589.04,83.63,4.88e-06,0.04407331,0.04407819,16,17,1,18,8,31.5,5505.4069237167005,0.9084631840678464,0.7808420035998076,0.9084679837874194,0.8701777898713493
14,20,20,90,15,3.5,1.5,750,False,True,False,0,0,0.0,458.8537,5588.54,83.74,0.0,0.04407331,0.04407331,16,17,1,18,8,31.5,5504.797407178299,0.907558030691606,0.7797708415645985,0.9075592068194629,0.869222109179075
14,20,20,90,15,3.5,1.5,750,True,True,True,0,0,0.0,458.8537,5588.54,83.74,0.0,0.04407331,0.04407331,16,17,1,18,8,31.5,5504.797407178299,0.907558030691606,0.7797708415645985,0.9075592068194629,0.869222109179075
14,20,20,90,15,3.5,1.5,750,True,True,False,0,0,0.0,458.8537,5588.54,83.74,0.0,0.04407331,0.04407331,16,17,1,18,8,31.5,5504.797407178299,0.907558030691606,0.7797708415645985,0.9075592068194629,0.869222109179075
14,20,20,90,15,3.5,1.5,750,False,True,True,0,0,0.0,458.8537,5588.54,83.74,0.0,0.04407331,0.04407331,16,17,1,18,8,31.5,5504.797407178299,0.907558030691606,0.7797708415645985,0.9075592068194629,0.869222109179075
14,20,20,90,15,3.5,1.5,500,True,True,True,0,1,0.0,457.0822,5570.82,87.69,6.68e-06,0.04389317,0.04389986,16,17,1,18,8,31.46,5483.133340869799,0.8753596530608904,0.7416984942271388,0.8753521510750832,0.8352598050136035
14,20,20,90,15,3.5,1.5,500,True,True,False,0,1,0.0,457.0822,5570.82,87.69,6.68e-06,0.04389317,0.04389986,16,17,1,18,8,31.46,5483.133340869799,0.8753596530608904,0.7416984942271388,0.8753521510750832,0.8352598050136035
14,20,20,90,15,3.5,1.5,500,False,True,False,0,1,0.0,457.0822,5570.82,87.69,6.68e-06,0.04389317,0.04389986,16,17,1,18,8,31.46,5483.133340869799,0.8753596530608904,0.7416984942271388,0.8753521510750832,0.8352598050136035
14,20,20,90,15,3.5,1.5,500,False,True,True,0,1,0.0,457.0822,5570.82,87.69,6.68e-06,0.04389317,0.04389986,16,17,1,18,8,31.46,5483.133340869799,0.8753596530608904,0.7416984942271388,0.8753521510750832,0.8352598050136035
14,20,20,90,15,3.5,1.5,500,True,True,False,0,0,0.0,457.0139,5570.14,87.84,0.0,0.04389317,0.04389317,16,17,1,18,8,31.46,5482.2977536481,0.8741182479284159,0.7402300364370697,0.8741162143986635,0.8339513777750616
14,20,20,90,15,3.5,1.5,500,False,True,False,0,0,0.0,457.0139,5570.14,87.84,0.0,0.04389317,0.04389317,16,17,1,18,8,31.46,5482.2977536481,0.8741182479284159,0.7402300364370697,0.8741162143986635,0.8339513777750616
14,20,20,90,15,3.5,1.5,500,True,True,True,0,0,0.0,457.0139,5570.14,87.84,0.0,0.04389317,0.04389317,16,17,1,18,8,31.46,5482.2977536481,0.8741182479284159,0.7402300364370697,0.8741162143986635,0.8339513777750616
14,20,20,90,15,3.5,1.5,500,False,True,True,0,0,0.0,457.0139,5570.14,87.84,0.0,0.04389317,0.04389317,16,17,1,18,8,31.46,5482.2977536481,0.8741182479284159,0.7402300364370697,0.8741162143986635,0.8339513777750616
14,30,20,90,15,3.5,1.5,750,True,True,True,0,1,0.0,456.9806,5569.81,65.99,3.48e-06,0.04406197,0.04406545,17,18,1,19,8,31.67,5503.8156858685,0.873512994767195,0.7780455682865796,0.8735164215998122,0.8448734521895338
14,30,20,90,15,3.5,1.5,750,True,True,False,0,1,0.0,456.9806,5569.81,65.99,3.48e-06,0.04406197,0.04406545,17,18,1,19,8,31.67,5503.8156858685,0.873512994767195,0.7780455682865796,0.8735164215998122,0.8448734521895338
14,30,20,90,15,3.5,1.5,750,False,True,True,0,1,0.0,456.9806,5569.81,65.99,3.48e-06,0.04406197,0.04406545,17,18,1,19,8,31.67,5503.8156858685,0.873512994767195,0.7780455682865796,0.8735164215998122,0.8448734521895338
14,30,20,90,15,3.5,1.5,750,False,True,False,0,1,0.0,456.9806,5569.81,65.99,3.48e-06,0.04406197,0.04406545,17,18,1,19,8,31.67,5503.8156858685,0.873512994767195,0.7780455682865796,0.8735164215998122,0.8448734521895338
14,30,20,90,15,3.5,1.5,750,True,True,True,0,0,0.0,456.945,5569.45,66.07,0.0,0.04406197,0.04406197,17,18,1,19,8,31.67,5503.381030632099,0.8728659373335778,0.7772817068352428,0.8728621021828825,0.8441899011539382
14,30,20,90,15,3.5,1.5,750,False,True,False,0,0,0.0,456.945,5569.45,66.07,0.0,0.04406197,0.04406197,17,18,1,19,8,31.67,5503.381030632099,0.8728659373335778,0.7772817068352428,0.8728621021828825,0.8441899011539382
14,30,20,90,15,3.5,1.5,750,True,True,False,0,0,0.0,456.945,5569.45,66.07,0.0,0.04406197,0.04406197,17,18,1,19,8,31.67,5503.381030632099,0.8728659373335778,0.7772817068352428,0.8728621021828825,0.8441899011539382
14,30,20,90,15,3.5,1.5,750,False,True,True,0,0,0.0,456.945,5569.45,66.07,0.0,0.04406197,0.04406197,17,18,1,19,8,31.67,5503.381030632099,0.8728659373335778,0.7772817068352428,0.8728621021828825,0.8441899011539382
14,30,20,90,15,3.5,1.5,750,True,False,False,0,1,0.0,456.5442,5565.44,4.18,4.7e-07,0.04452488,0.04452535,30,31,1,32,8,33.32,5561.2576235755,0.8655810884741981,0.8789938100882388,0.8655737108998708,0.8696034294435449
14,30,20,90,15,3.5,1.5,750,True,False,True,0,1,0.0,456.5442,5565.44,4.18,4.7e-07,0.04452488,0.04452535,30,31,1,32,8,33.32,5561.2576235755,0.8655810884741981,0.8789938100882388,0.8655737108998708,0.8696034294435449
14,30,20,90,15,3.5,1.5,750,True,False,True,0,0,0.0,456.5426,5565.43,4.19,0.0,0.04452518,0.04452518,30,31,1,32,8,33.32,5561.236390417399,0.8655520072412266,0.8789564950173401,0.8655555353605129,0.869574059197918
14,30,20,90,15,3.5,1.5,750,True,False,False,0,0,0.0,456.5426,5565.43,4.19,0.0,0.04452518,0.04452518,30,31,1,32,8,33.32,5561.236390417399,0.8655520072412266,0.8789564950173401,0.8655555353605129,0.869574059197918
14,20,20,90,15,3.5,1.5,750,False,False,True,0,1,0.0,456.5376,5565.38,1.74,4.1e-07,0.04454399,0.0445444,77,78,1,79,8,32.29,5563.636986291999,0.8654611283881906,0.8831752930330564,0.8654646576637169,0.8707760836367556
14,20,20,90,15,3.5,1.5,750,False,False,False,0,1,0.0,456.5376,5565.38,1.74,4.1e-07,0.04454399,0.0445444,77,78,1,79,8,32.29,5563.636986291999,0.8654611283881906,0.8831752930330564,0.8654646576637169,0.8707760836367556
14,20,20,90,15,3.5,1.5,750,False,False,False,0,0,0.0,456.5372,5565.37,1.74,0.0,0.04454436,0.04454436,77,78,1,79,8,32.29,5563.631990254799,0.8654538580799473,0.8831665130163744,0.8654464821243574,0.8707661793697575
14,20,20,90,15,3.5,1.5,750,False,False,True,0,0,0.0,456.5372,5565.37,1.74,0.0,0.04454436,0.04454436,77,78,1,79,8,32.29,5563.631990254799,0.8654538580799473,0.8831665130163744,0.8654464821243574,0.8707661793697575
14,20,20,90,15,3.5,1.5,500,False,False,False,0,1,0.0,456.5219,5565.22,1.78,5.7e-07,0.04454224,0.0445428,77,78,1,79,8,32.29,5563.437144804,0.8651757687896573,0.8828240923657756,0.8651738490339711,0.8704698819113555
14,20,20,90,15,3.5,1.5,500,False,False,True,0,1,0.0,456.5219,5565.22,1.78,5.7e-07,0.04454224,0.0445428,77,78,1,79,8,32.29,5563.437144804,0.8651757687896573,0.8828240923657756,0.8651738490339711,0.8704698819113555
14,20,20,90,15,3.5,1.5,500,False,False,True,0,0,0.0,456.5214,5565.21,1.78,0.0,0.04454275,0.04454275,77,78,1,79,8,32.29,5563.4308997575,0.8651666809043539,0.8828131173449228,0.8651556734946115,0.870458410354576
14,20,20,90,15,3.5,1.5,500,False,False,False,0,0,0.0,456.5214,5565.21,1.78,0.0,0.04454275,0.04454275,77,78,1,79,8,32.29,5563.4308997575,0.8651666809043539,0.8828131173449228,0.8651556734946115,0.870458410354576
14,20,20,90,15,3.5,1.5,350,False,False,True,0,1,0.0,456.4993,5564.99,1.84,8e-07,0.04453971,0.04454051,77,78,1,79,8,32.29,5563.151121674299,0.8647649963739336,0.8823214364107289,0.8647558116287103,0.8700300914359275
14,20,20,90,15,3.5,1.5,350,False,False,False,0,1,0.0,456.4993,5564.99,1.84,8e-07,0.04453971,0.04454051,77,78,1,79,8,32.29,5563.151121674299,0.8647649963739336,0.8823214364107289,0.8647558116287103,0.8700300914359275
14,20,20,90,15,3.5,1.5,350,False,False,True,0,0,0.0,456.4985,5564.99,1.84,0.0,0.04454043,0.04454043,77,78,1,79,8,32.29,5563.1411295999,0.8647504557574474,0.882303876377365,0.8647558116287103,0.8700175531176753
14,20,20,90,15,3.5,1.5,350,False,False,False,0,0,0.0,456.4985,5564.99,1.84,0.0,0.04454043,0.04454043,77,78,1,79,8,32.29,5563.1411295999,0.8647504557574474,0.882303876377365,0.8647558116287103,0.8700175531176753
14,30,20,90,15,3.5,1.5,500,True,False,False,0,1,0.0,456.4807,5564.81,4.35,6.6e-07,0.04451826,0.04451892,30,31,1,32,8,33.32,5560.4545105955995,0.8644269270406392,0.8775824224066019,0.864428651920247,0.8683739206263495
14,30,20,90,15,3.5,1.5,500,True,False,True,0,1,0.0,456.4807,5564.81,4.35,6.6e-07,0.04451826,0.04451892,30,31,1,32,8,33.32,5560.4545105955995,0.8644269270406392,0.8775824224066019,0.864428651920247,0.8683739206263495
14,30,20,90,15,3.5,1.5,500,True,False,False,0,0,0.0,456.4784,5564.78,4.36,0.0,0.04451869,0.04451869,30,31,1,32,8,33.32,5560.4257833817,0.8643851227682426,0.8775319373106809,0.8643741253021684,0.8683269676377593
14,30,20,90,15,3.5,1.5,500,True,False,True,0,0,0.0,456.4784,5564.78,4.36,0.0,0.04451869,0.04451869,30,31,1,32,8,33.32,5560.4257833817,0.8643851227682426,0.8775319373106809,0.8643741253021684,0.8683269676377593
14,30,20,90,15,3.5,1.5,350,True,False,False,0,1,0.0,456.3893,5563.89,4.6,9.2e-07,0.04450874,0.04450966,30,31,1,32,8,33.32,5559.2979279838,0.8627656616071375,0.8755498485447122,0.8627565022992069,0.8665990858268238
14,30,20,90,15,3.5,1.5,350,True,False,True,0,1,0.0,456.3893,5563.89,4.6,9.2e-07,0.04450874,0.04450966,30,31,1,32,8,33.32,5559.2979279838,0.8627656616071375,0.8755498485447122,0.8627565022992069,0.8665990858268238
14,30,20,90,15,3.5,1.5,350,True,False,False,0,0,0.0,456.3861,5563.86,4.6,0.0,0.04450933,0.04450933,30,31,1,32,8,33.32,5559.256710676899,0.8627074991411946,0.8754774134070855,0.8627019756811283,0.8665373687289486
14,30,20,90,15,3.5,1.5,350,True,False,True,0,0,0.0,456.3861,5563.86,4.6,0.0,0.04450933,0.04450933,30,31,1,32,8,33.32,5559.256710676899,0.8627074991411946,0.8754774134070855,0.8627019756811283,0.8665373687289486
14,30,20,90,15,3.5,1.5,500,True,True,True,0,1,0.0,455.6632,5556.63,68.93,4.79e-06,0.04393168,0.04393646,17,18,1,19,8,31.64,5487.704714907799,0.8495682345692253,0.7497322094911973,0.8495610607244778,0.8196159922768674
14,30,20,90,15,3.5,1.5,500,False,True,False,0,1,0.0,455.6632,5556.63,68.93,4.79e-06,0.04393168,0.04393646,17,18,1,19,8,31.64,5487.704714907799,0.8495682345692253,0.7497322094911973,0.8495610607244778,0.8196159922768674
14,30,20,90,15,3.5,1.5,500,False,True,True,0,1,0.0,455.6632,5556.63,68.93,4.79e-06,0.04393168,0.04393646,17,18,1,19,8,31.64,5487.704714907799,0.8495682345692253,0.7497322094911973,0.8495610607244778,0.8196159922768674
14,30,20,90,15,3.5,1.5,500,True,True,False,0,1,0.0,455.6632,5556.63,68.93,4.79e-06,0.04393168,0.04393646,17,18,1,19,8,31.64,5487.704714907799,0.8495682345692253,0.7497322094911973,0.8495610607244778,0.8196159922768674
14,30,20,90,15,3.5,1.5,500,False,True,True,0,0,0.0,455.6143,5556.14,69.04,0.0,0.04393168,0.04393168,17,18,1,19,8,31.64,5487.1076884624,0.8486794393865313,0.7486829974976954,0.8486704592958807,0.8186787108017504
14,30,20,90,15,3.5,1.5,500,True,True,False,0,0,0.0,455.6143,5556.14,69.04,0.0,0.04393168,0.04393168,17,18,1,19,8,31.64,5487.1076884624,0.8486794393865313,0.7486829974976954,0.8486704592958807,0.8186787108017504
14,30,20,90,15,3.5,1.5,500,False,True,False,0,0,0.0,455.6143,5556.14,69.04,0.0,0.04393168,0.04393168,17,18,1,19,8,31.64,5487.1076884624,0.8486794393865313,0.7486829974976954,0.8486704592958807,0.8186787108017504
14,30,20,90,15,3.5,1.5,500,True,True,True,0,0,0.0,455.6143,5556.14,69.04,0.0,0.04393168,0.04393168,17,18,1,19,8,31.64,5487.1076884624,0.8486794393865313,0.7486829974976954,0.8486704592958807,0.8186787108017504
14,20,20,90,15,3.5,1.5,350,True,True,False,0,1,0.0,454.5294,5545.29,93.38,9.21e-06,0.04364069,0.0436499,16,17,1,18,8,31.4,5451.913104406999,0.8289605458547428,0.6868321699811226,0.8289499990912235,0.7863199237399529
14,20,20,90,15,3.5,1.5,350,False,True,False,0,1,0.0,454.5294,5545.29,93.38,9.21e-06,0.04364069,0.0436499,16,17,1,18,8,31.4,5451.913104406999,0.8289605458547428,0.6868321699811226,0.8289499990912235,0.7863199237399529
14,20,20,90,15,3.5,1.5,350,False,True,True,0,1,0.0,454.5294,5545.29,93.38,9.21e-06,0.04364069,0.0436499,16,17,1,18,8,31.4,5451.913104406999,0.8289605458547428,0.6868321699811226,0.8289499990912235,0.7863199237399529
14,20,20,90,15,3.5,1.5,350,True,True,True,0,1,0.0,454.5294,5545.29,93.38,9.21e-06,0.04364069,0.0436499,16,17,1,18,8,31.4,5451.913104406999,0.8289605458547428,0.6868321699811226,0.8289499990912235,0.7863199237399529
14,20,20,90,15,3.5,1.5,350,False,True,True,0,0,0.0,454.4354,5544.35,93.59,0.0,0.04364069,0.04364069,16,17,1,18,8,31.4,5450.7627668417,0.8272520234176629,0.6848105711400858,0.827241498391466,0.7845174827291505
14,20,20,90,15,3.5,1.5,350,True,True,True,0,0,0.0,454.4354,5544.35,93.59,0.0,0.04364069,0.04364069,16,17,1,18,8,31.4,5450.7627668417,0.8272520234176629,0.6848105711400858,0.827241498391466,0.7845174827291505
14,20,20,90,15,3.5,1.5,350,False,True,False,0,0,0.0,454.4354,5544.35,93.59,0.0,0.04364069,0.04364069,16,17,1,18,8,31.4,5450.7627668417,0.8272520234176629,0.6848105711400858,0.827241498391466,0.7845174827291505
14,20,20,90,15,3.5,1.5,350,True,True,False,0,0,0.0,454.4354,5544.35,93.59,0.0,0.04364069,0.04364069,16,17,1,18,8,31.4,5450.7627668417,0.8272520234176629,0.6848105711400858,0.827241498391466,0.7845174827291505
14,30,20,90,15,3.5,1.5,350,False,True,False,0,1,0.0,453.8041,5538.04,73.07,6.63e-06,0.0437478,0.04375443,17,18,1,19,8,31.59,5464.968998619899,0.8157776594333157,0.7097765485754417,0.8157727330558538,0.7839763409004612
14,30,20,90,15,3.5,1.5,350,True,True,False,0,1,0.0,453.8041,5538.04,73.07,6.63e-06,0.0437478,0.04375443,17,18,1,19,8,31.59,5464.968998619899,0.8157776594333157,0.7097765485754417,0.8157727330558538,0.7839763409004612
14,30,20,90,15,3.5,1.5,350,False,True,True,0,1,0.0,453.8041,5538.04,73.07,6.63e-06,0.0437478,0.04375443,17,18,1,19,8,31.59,5464.968998619899,0.8157776594333157,0.7097765485754417,0.8157727330558538,0.7839763409004612
14,30,20,90,15,3.5,1.5,350,True,True,True,0,1,0.0,453.8041,5538.04,73.07,6.63e-06,0.0437478,0.04375443,17,18,1,19,8,31.59,5464.968998619899,0.8157776594333157,0.7097765485754417,0.8157727330558538,0.7839763409004612
14,30,20,90,15,3.5,1.5,350,True,True,False,0,0,0.0,453.7364,5537.36,73.22,0.0,0.0437478,0.0437478,17,18,1,19,8,31.59,5464.140905454,0.8145471597632059,0.7083212608103963,0.8145367963794324,0.7826773174006083
14,30,20,90,15,3.5,1.5,350,False,True,False,0,0,0.0,453.7364,5537.36,73.22,0.0,0.0437478,0.0437478,17,18,1,19,8,31.59,5464.140905454,0.8145471597632059,0.7083212608103963,0.8145367963794324,0.7826773174006083
14,30,20,90,15,3.5,1.5,350,False,True,True,0,0,0.0,453.7364,5537.36,73.22,0.0,0.0437478,0.0437478,17,18,1,19,8,31.59,5464.140905454,0.8145471597632059,0.7083212608103963,0.8145367963794324,0.7826773174006083
14,30,20,90,15,3.5,1.5,350,True,True,True,0,0,0.0,453.7364,5537.36,73.22,0.0,0.0437478,0.0437478,17,18,1,19,8,31.59,5464.140905454,0.8145471597632059,0.7083212608103963,0.8145367963794324,0.7826773174006083
14,30,10,90,25,1.0,1.5,750,False,False,True,0,1,0.0,452.9284,5529.28,25.66,2.35e-06,0.0440616,0.04406395,3,4,1,5,0,32.03,5503.628334473499,0.7998611371125607,0.777716317661003,0.7998509605772551,0.7932156559700323
14,20,10,90,25,1.0,1.5,750,False,False,False,0,1,0.0,452.9284,5529.28,25.66,2.35e-06,0.0440616,0.04406395,3,4,1,5,0,32.03,5503.628334473499,0.7998611371125607,0.777716317661003,0.7998509605772551,0.7932156559700323
14,20,10,90,25,1.0,1.5,750,False,False,True,0,1,0.0,452.9284,5529.28,25.66,2.35e-06,0.0440616,0.04406395,3,4,1,5,0,32.03,5503.628334473499,0.7998611371125607,0.777716317661003,0.7998509605772551,0.7932156559700323
14,30,10,90,25,1.0,1.5,750,False,False,False,0,1,0.0,452.9284,5529.28,25.66,2.35e-06,0.0440616,0.04406395,3,4,1,5,0,32.03,5503.628334473499,0.7998611371125607,0.777716317661003,0.7998509605772551,0.7932156559700323
14,30,10,90,25,1.0,1.5,750,False,False,False,0,0,0.0,452.9206,5529.21,25.66,0.0,0.04406326,0.04406326,3,4,1,5,0,32.03,5503.542152831799,0.7997193661018237,0.7775648623732385,0.7997237318017418,0.7930738881232318
14,30,10,90,25,1.0,1.5,750,False,False,True,0,0,0.0,452.9206,5529.21,25.66,0.0,0.04406326,0.04406326,3,4,1,5,0,32.03,5503.542152831799,0.7997193661018237,0.7775648623732385,0.7997237318017418,0.7930738881232318
14,20,10,90,25,1.0,1.5,750,False,False,True,0,0,0.0,452.9206,5529.21,25.66,0.0,0.04406326,0.04406326,3,4,1,5,0,32.03,5503.542152831799,0.7997193661018237,0.7775648623732385,0.7997237318017418,0.7930738881232318
14,20,10,90,25,1.0,1.5,750,False,False,False,0,0,0.0,452.9206,5529.21,25.66,0.0,0.04406326,0.04406326,3,4,1,5,0,32.03,5503.542152831799,0.7997193661018237,0.7775648623732385,0.7997237318017418,0.7930738881232318
14,30,10,90,25,1.0,1.5,500,False,False,False,0,1,0.0,452.6374,5526.37,25.97,3.24e-06,0.04403488,0.04403812,3,4,1,5,0,32.03,5500.4021434516,0.7945719878658556,0.7720466218885816,0.7945618786237485,0.7878123562242519
14,30,10,90,25,1.0,1.5,500,False,False,True,0,1,0.0,452.6374,5526.37,25.97,3.24e-06,0.04403488,0.04403812,3,4,1,5,0,32.03,5500.4021434516,0.7945719878658556,0.7720466218885816,0.7945618786237485,0.7878123562242519
14,20,10,90,25,1.0,1.5,500,False,False,True,0,1,0.0,452.6374,5526.37,25.97,3.24e-06,0.04403488,0.04403812,3,4,1,5,0,32.03,5500.4021434516,0.7945719878658556,0.7720466218885816,0.7945618786237485,0.7878123562242519
14,20,10,90,25,1.0,1.5,500,False,False,False,0,1,0.0,452.6374,5526.37,25.97,3.24e-06,0.04403488,0.04403812,3,4,1,5,0,32.03,5500.4021434516,0.7945719878658556,0.7720466218885816,0.7945618786237485,0.7878123562242519
14,20,10,90,25,1.0,1.5,500,False,False,False,0,0,0.0,452.6267,5526.27,25.98,0.0,0.04403717,0.04403717,3,4,1,5,0,32.03,5500.2834875681,0.7943775071203584,0.7718380964923834,0.7943801232301582,0.7876162071539259
14,20,10,90,25,1.0,1.5,500,False,False,True,0,0,0.0,452.6267,5526.27,25.98,0.0,0.04403717,0.04403717,3,4,1,5,0,32.03,5500.2834875681,0.7943775071203584,0.7718380964923834,0.7943801232301582,0.7876162071539259
14,30,10,90,25,1.0,1.5,500,False,False,False,0,0,0.0,452.6267,5526.27,25.98,0.0,0.04403717,0.04403717,3,4,1,5,0,32.03,5500.2834875681,0.7943775071203584,0.7718380964923834,0.7943801232301582,0.7876162071539259
14,30,10,90,25,1.0,1.5,500,False,False,True,0,0,0.0,452.6267,5526.27,25.98,0.0,0.04403717,0.04403717,3,4,1,5,0,32.03,5500.2834875681,0.7943775071203584,0.7718380964923834,0.7943801232301582,0.7876162071539259
14,20,20,90,15,3.5,0.5,750,False,False,True,0,1,0.0,452.3527,5523.53,12.96,4.296e-05,0.04407651,0.04411948,77,78,1,79,8,32.18,5510.5640831164,0.7893973459739762,0.7899051758198347,0.7894000254457552,0.7895502308220895
14,20,20,90,15,3.5,0.5,750,False,False,False,0,1,0.0,452.3527,5523.53,12.96,4.296e-05,0.04407651,0.04411948,77,78,1,79,8,32.18,5510.5640831164,0.7893973459739762,0.7899051758198347,0.7894000254457552,0.7895502308220895
14,20,20,90,15,3.5,0.5,750,False,False,True,0,0,0.0,452.31,5523.1,13.08,0.0,0.04411514,0.04411514,77,78,1,79,8,32.18,5510.022013080199,0.7886212405690468,0.7889525440098331,0.7886184772533137,0.7887200789381361
14,20,20,90,15,3.5,0.5,750,False,False,False,0,0,0.0,452.31,5523.1,13.08,0.0,0.04411514,0.04411514,77,78,1,79,8,32.18,5510.022013080199,0.7886212405690468,0.7889525440098331,0.7886184772533137,0.7887200789381361
14,30,10,90,25,1.0,1.5,350,False,False,True,0,1,0.0,452.2248,5522.25,26.42,4.5e-06,0.043997,0.0440015,3,4,1,5,0,32.03,5495.828271394999,0.7870726649133107,0.7640085166161814,0.7870735564077869,0.7801535987230672
14,30,10,90,25,1.0,1.5,350,False,False,False,0,1,0.0,452.2248,5522.25,26.42,4.5e-06,0.043997,0.0440015,3,4,1,5,0,32.03,5495.828271394999,0.7870726649133107,0.7640085166161814,0.7870735564077869,0.7801535987230672
14,20,10,90,25,1.0,1.5,350,False,False,True,0,1,0.0,452.2248,5522.25,26.42,4.5e-06,0.043997,0.0440015,3,4,1,5,0,32.03,5495.828271394999,0.7870726649133107,0.7640085166161814,0.7870735564077869,0.7801535987230672
14,20,10,90,25,1.0,1.5,350,False,False,False,0,1,0.0,452.2248,5522.25,26.42,4.5e-06,0.043997,0.0440015,3,4,1,5,0,32.03,5495.828271394999,0.7870726649133107,0.7640085166161814,0.7870735564077869,0.7801535987230672
14,20,10,90,25,1.0,1.5,350,False,False,True,0,0,0.0,452.2099,5522.1,26.44,0.0,0.04400018,0.04400018,3,4,1,5,0,32.02,5495.6634021674,0.7868018459312627,0.7637187760656745,0.7868009233174006,0.7798767404488138
14,30,10,90,25,1.0,1.5,350,False,False,False,0,0,0.0,452.2099,5522.1,26.44,0.0,0.04400018,0.04400018,3,4,1,5,0,32.02,5495.6634021674,0.7868018459312627,0.7637187760656745,0.7868009233174006,0.7798767404488138
14,30,10,90,25,1.0,1.5,350,False,False,True,0,0,0.0,452.2099,5522.1,26.44,0.0,0.04400018,0.04400018,3,4,1,5,0,32.02,5495.6634021674,0.7868018459312627,0.7637187760656745,0.7868009233174006,0.7798767404488138
14,20,10,90,25,1.0,1.5,350,False,False,False,0,0,0.0,452.2099,5522.1,26.44,0.0,0.04400018,0.04400018,3,4,1,5,0,32.02,5495.6634021674,0.7868018459312627,0.7637187760656745,0.7868009233174006,0.7798767404488138
14,20,20,90,15,3.5,0.5,500,False,False,False,0,1,0.0,451.8634,5518.63,14.28,4.794e-05,0.04402185,0.04406979,77,78,1,79,8,32.17,5504.3577559047,0.7805039414158561,0.7789982000965797,0.7804940111597819,0.7800502329688583
14,20,20,90,15,3.5,0.5,500,False,False,True,0,1,0.0,451.8634,5518.63,14.28,4.794e-05,0.04402185,0.04406979,77,78,1,79,8,32.17,5504.3577559047,0.7805039414158561,0.7789982000965797,0.7804940111597819,0.7800502329688583
14,20,20,90,15,3.5,0.5,500,False,False,True,0,0,0.0,451.8158,5518.16,14.4,0.0,0.04406496,0.04406496,77,78,1,79,8,32.16,5503.7544844128,0.779638774734952,0.777938013082225,0.7796397608099023,0.7791287434541241
14,20,20,90,15,3.5,0.5,500,False,False,False,0,0,0.0,451.8158,5518.16,14.4,0.0,0.04406496,0.04406496,77,78,1,79,8,32.16,5503.7544844128,0.779638774734952,0.777938013082225,0.7796397608099023,0.7791287434541241
14,20,20,90,15,3.5,0.5,350,False,False,True,0,1,0.0,451.2991,5512.99,15.79,5.368e-05,0.04395882,0.04401249,77,78,1,79,8,32.15,5497.2009326156995,0.7702473540621938,0.7664208261995701,0.7702430069612317,0.7690985262832142
14,20,20,90,15,3.5,0.5,350,False,False,False,0,1,0.0,451.2991,5512.99,15.79,5.368e-05,0.04395882,0.04401249,77,78,1,79,8,32.15,5497.2009326156995,0.7702473540621938,0.7664208261995701,0.7702430069612317,0.7690985262832142
14,20,20,90,15,3.5,0.5,350,False,False,False,0,0,0.0,451.2457,5512.46,15.93,0.0,0.04400708,0.04400708,77,78,1,79,8,32.15,5496.525218584399,0.7692767679117672,0.7652333289433244,0.7692797033751982,0.7680643233139206
14,20,20,90,15,3.5,0.5,350,False,False,True,0,0,0.0,451.2457,5512.46,15.93,0.0,0.04400708,0.04400708,77,78,1,79,8,32.15,5496.525218584399,0.7692767679117672,0.7652333289433244,0.7692797033751982,0.7680643233139206
14,10,20,90,15,3.5,0.5,750,False,False,True,0,1,0.0,451.1688,5511.69,41.32,6.261e-05,0.04373505,0.04379766,52,53,1,54,8,31.9,5470.3684658238,0.7678790511520706,0.7192655516045485,0.7678801868445444,0.7532952284263087
14,10,20,90,15,3.5,0.5,750,False,False,False,0,1,0.0,451.1688,5511.69,41.32,6.261e-05,0.04373505,0.04379766,52,53,1,54,8,31.9,5470.3684658238,0.7678790511520706,0.7192655516045485,0.7678801868445444,0.7532952284263087
14,10,20,90,15,3.5,0.5,750,False,False,False,0,0,0.0,451.0371,5510.37,41.65,0.0,0.04378447,0.04378447,52,53,1,54,8,31.89,5468.7210225571,0.7654853021630984,0.716370341103648,0.7654810156491397,0.7507499565424716
14,10,20,90,15,3.5,0.5,750,False,False,True,0,0,0.0,451.0371,5510.37,41.65,0.0,0.04378447,0.04378447,52,53,1,54,8,31.89,5468.7210225571,0.7654853021630984,0.716370341103648,0.7654810156491397,0.7507499565424716
14,10,20,90,15,3.5,0.5,500,False,False,False,0,1,0.0,449.6785,5496.79,45.06,6.977e-05,0.04357864,0.04364841,52,53,1,54,8,31.86,5451.727002021299,0.7407917002161094,0.686505114359717,0.7407986331994406,0.7245071110558579
14,10,20,90,15,3.5,0.5,500,False,False,True,0,1,0.0,449.6785,5496.79,45.06,6.977e-05,0.04357864,0.04364841,52,53,1,54,8,31.86,5451.727002021299,0.7407917002161094,0.686505114359717,0.7407986331994406,0.7245071110558579
14,10,20,90,15,3.5,0.5,500,False,False,True,0,0,0.0,449.5318,5495.32,45.43,0.0,0.04363372,0.04363372,52,53,1,54,8,31.85,5449.8922073595995,0.738125314668028,0.6832806532332414,0.738126828913648,0.721672219086716
14,10,20,90,15,3.5,0.5,500,False,False,False,0,0,0.0,449.5318,5495.32,45.43,0.0,0.04363372,0.04363372,52,53,1,54,8,31.85,5449.8922073595995,0.738125314668028,0.6832806532332414,0.738126828913648,0.721672219086716
14,10,10,90,25,1.0,1.5,750,False,False,False,0,1,0.0,449.216,5492.16,45.66,2.35e-06,0.04360419,0.04360655,1,2,1,3,0,31.86,5446.4986490915,0.7323854063102639,0.6773168269019714,0.732383358476163,0.715864422920956
14,10,10,90,25,1.0,1.5,750,False,False,True,0,1,0.0,449.216,5492.16,45.66,2.35e-06,0.04360419,0.04360655,1,2,1,3,0,31.86,5446.4986490915,0.7323854063102639,0.6773168269019714,0.732383358476163,0.715864422920956
14,10,10,90,25,1.0,1.5,750,False,False,True,0,0,0.0,449.2069,5492.07,45.68,0.0,0.0436057,0.0436057,1,2,1,3,0,31.86,5446.392483301,0.7322200067977384,0.6771302515474774,0.7322197786219306,0.7156930345874986
14,10,10,90,25,1.0,1.5,750,False,False,False,0,0,0.0,449.2069,5492.07,45.68,0.0,0.0436057,0.0436057,1,2,1,3,0,31.86,5446.392483301,0.7322200067977384,0.6771302515474774,0.7322197786219306,0.7156930345874986
14,10,10,90,25,1.0,1.5,500,False,False,False,0,1,0.0,448.8792,5488.79,46.22,3.24e-06,0.04357183,0.04357508,1,2,1,3,0,31.85,5442.5680168244,0.7262638067697478,0.6704091487773832,0.7262582017121362,0.7095062883605161
14,10,10,90,25,1.0,1.5,500,False,False,True,0,1,0.0,448.8792,5488.79,46.22,3.24e-06,0.04357183,0.04357508,1,2,1,3,0,31.85,5442.5680168244,0.7262638067697478,0.6704091487773832,0.7262582017121362,0.7095062883605161
14,10,10,90,25,1.0,1.5,500,False,False,True,0,0,0.0,448.8668,5488.67,46.24,0.0,0.04357392,0.04357392,1,2,1,3,0,31.85,5442.4231317456,0.7260384272142177,0.6701545282936042,0.7260400952398268,0.7092735911431556
14,10,10,90,25,1.0,1.5,500,False,False,False,0,0,0.0,448.8668,5488.67,46.24,0.0,0.04357392,0.04357392,1,2,1,3,0,31.85,5442.4231317456,0.7260384272142177,0.6701545282936042,0.7260400952398268,0.7092735911431556
14,30,20,90,15,3.5,1.5,750,False,False,True,0,0,0.0,448.7438,5487.44,1.04,0.0,0.04392596,0.04392596,80,81,1,82,8,33.41,5486.3932551428,0.7238028074295282,0.7474274551121648,0.7238045038986529,0.7308905410281441
14,30,20,90,15,3.5,1.5,750,False,False,True,0,1,0.0,448.7438,5487.44,1.04,2e-08,0.04392595,0.04392596,80,81,1,82,8,33.41,5486.3932551428,0.7238028074295282,0.7474274551121648,0.7238045038986529,0.7308905410281441
14,30,20,90,15,3.5,1.5,750,False,False,False,0,1,0.0,448.7438,5487.44,1.04,2e-08,0.04392595,0.04392596,80,81,1,82,8,33.41,5486.3932551428,0.7238028074295282,0.7474274551121648,0.7238045038986529,0.7308905410281441
14,30,20,90,15,3.5,1.5,750,False,False,False,0,0,0.0,448.7438,5487.44,1.04,0.0,0.04392596,0.04392596,80,81,1,82,8,33.41,5486.3932551428,0.7238028074295282,0.7474274551121648,0.7238045038986529,0.7308905410281441
14,30,20,90,15,3.5,1.5,500,False,False,False,0,0,0.0,448.7431,5487.43,1.05,0.0,0.04392589,0.04392589,80,81,1,82,8,33.41,5486.3845120777,0.7237900843901032,0.7474120900829717,0.723786328359295,0.7308759348918021
14,30,20,90,15,3.5,1.5,500,False,False,True,0,1,0.0,448.7431,5487.43,1.05,3e-08,0.04392587,0.04392589,80,81,1,82,8,33.41,5486.3845120777,0.7237900843901032,0.7474120900829717,0.723786328359295,0.7308759348918021
14,30,20,90,15,3.5,1.5,500,False,False,False,0,1,0.0,448.7431,5487.43,1.05,3e-08,0.04392587,0.04392589,80,81,1,82,8,33.41,5486.3845120777,0.7237900843901032,0.7474120900829717,0.723786328359295,0.7308759348918021
14,30,20,90,15,3.5,1.5,500,False,False,True,0,0,0.0,448.7431,5487.43,1.05,0.0,0.04392589,0.04392589,80,81,1,82,8,33.41,5486.3845120777,0.7237900843901032,0.7474120900829717,0.723786328359295,0.7308759348918021
14,30,20,90,15,3.5,1.5,350,False,False,True,0,0,0.0,448.7421,5487.42,1.05,0.0,0.04392579,0.04392579,80,81,1,82,8,33.41,5486.3720219847,0.7237719086194954,0.7473901400412659,0.7237681528199356,0.7308566268861146
14,30,20,90,15,3.5,1.5,350,False,False,False,0,0,0.0,448.7421,5487.42,1.05,0.0,0.04392579,0.04392579,80,81,1,82,8,33.41,5486.3720219847,0.7237719086194954,0.7473901400412659,0.7237681528199356,0.7308566268861146
14,30,20,90,15,3.5,1.5,350,False,False,False,0,1,0.0,448.7421,5487.42,1.05,4e-08,0.04392575,0.04392579,80,81,1,82,8,33.41,5486.3720219847,0.7237719086194954,0.7473901400412659,0.7237681528199356,0.7308566268861146
14,30,20,90,15,3.5,1.5,350,False,False,True,0,1,0.0,448.7421,5487.42,1.05,4e-08,0.04392575,0.04392579,80,81,1,82,8,33.41,5486.3720219847,0.7237719086194954,0.7473901400412659,0.7237681528199356,0.7308566268861146
14,10,10,90,25,1.0,1.5,350,False,False,False,0,1,0.0,448.4017,5484.02,47.02,4.5e-06,0.04352596,0.04353046,1,2,1,3,0,31.84,5436.9949373278,0.717584876304793,0.6606150401685763,0.7175884694378318,0.7004946440905357
14,10,10,90,25,1.0,1.5,350,False,False,True,0,1,0.0,448.4017,5484.02,47.02,4.5e-06,0.04352596,0.04353046,1,2,1,3,0,31.84,5436.9949373278,0.717584876304793,0.6606150401685763,0.7175884694378318,0.7004946440905357
14,10,10,90,25,1.0,1.5,350,False,False,True,0,0,0.0,448.3845,5483.84,47.05,0.0,0.04352885,0.04352885,1,2,1,3,0,31.84,5436.7938468305,0.7172722530503485,0.6602616444971248,0.717261309729367,0.7001668818201852
14,10,10,90,25,1.0,1.5,350,False,False,False,0,0,0.0,448.3845,5483.84,47.05,0.0,0.04352885,0.04352885,1,2,1,3,0,31.84,5436.7938468305,0.7172722530503485,0.6602616444971248,0.717261309729367,0.7001668818201852
14,10,20,90,15,3.5,0.5,350,False,False,True,0,1,0.0,447.9677,5479.68,49.35,7.799e-05,0.04339909,0.04347707,52,53,1,54,8,31.81,5430.3264766751,0.7096965918612528,0.6488959129022345,0.709700285355969,0.6914571268724906
14,10,20,90,15,3.5,0.5,350,False,False,False,0,1,0.0,447.9677,5479.68,49.35,7.799e-05,0.04339909,0.04347707,52,53,1,54,8,31.81,5430.3264766751,0.7096965918612528,0.6488959129022345,0.709700285355969,0.6914571268724906
14,10,20,90,15,3.5,0.5,350,False,False,False,0,0,0.0,447.8037,5478.04,49.76,0.0,0.04346065,0.04346065,52,53,1,54,8,31.81,5428.2756034045005,0.7067157654816666,0.6452917160542613,0.7067194969010709,0.6882892969373259
14,10,20,90,15,3.5,0.5,350,False,False,True,0,0,0.0,447.8037,5478.04,49.76,0.0,0.04346065,0.04346065,52,53,1,54,8,31.81,5428.2756034045005,0.7067157654816666,0.6452917160542613,0.7067194969010709,0.6882892969373259
14,30,20,90,15,3.5,0.5,750,False,False,True,0,1,0.0,447.2607,5472.61,5.02,1.51e-05,0.04376027,0.04377537,80,81,1,82,8,33.41,5467.5844240941,0.6968463220419383,0.7143728873084861,0.6968501790290625,0.7021050630193275
14,30,20,90,15,3.5,0.5,750,False,False,False,0,1,0.0,447.2607,5472.61,5.02,1.51e-05,0.04376027,0.04377537,80,81,1,82,8,33.41,5467.5844240941,0.6968463220419383,0.7143728873084861,0.6968501790290625,0.7021050630193275
14,30,20,90,15,3.5,0.5,750,False,False,True,0,0,0.0,447.2457,5472.46,5.06,0.0,0.04377385,0.04377385,80,81,1,82,8,33.41,5467.3945746805,0.69657368548283,0.7140392466745694,0.6965775459386763,0.7018141259315211
14,30,20,90,15,3.5,0.5,750,False,False,False,0,0,0.0,447.2457,5472.46,5.06,0.0,0.04377385,0.04377385,80,81,1,82,8,33.41,5467.3945746805,0.69657368548283,0.7140392466745694,0.6965775459386763,0.7018141259315211
14,30,20,90,15,3.5,0.5,500,False,False,False,0,1,0.0,447.087,5470.87,5.49,1.687e-05,0.04374087,0.04375774,80,81,1,82,8,33.41,5465.3824206982,0.6936891906874617,0.7105030949558812,0.6936876351805742,0.6987330508666101
14,30,20,90,15,3.5,0.5,500,False,False,True,0,1,0.0,447.087,5470.87,5.49,1.687e-05,0.04374087,0.04375774,80,81,1,82,8,33.41,5465.3824206982,0.6936891906874617,0.7105030949558812,0.6936876351805742,0.6987330508666101
14,30,20,90,15,3.5,0.5,500,False,False,False,0,0,0.0,447.0703,5470.7,5.53,0.0,0.04375604,0.04375604,80,81,1,82,8,33.41,5465.1700891172,0.6933856553183206,0.7101299442468948,0.6933786510114689,0.6984075411355226
14,30,20,90,15,3.5,0.5,500,False,False,True,0,0,0.0,447.0703,5470.7,5.53,0.0,0.04375604,0.04375604,80,81,1,82,8,33.41,5465.1700891172,0.6933856553183206,0.7101299442468948,0.6933786510114689,0.6984075411355226
14,30,20,90,15,3.5,0.5,350,False,False,False,0,1,0.0,446.886,5468.86,6.03,1.891e-05,0.04371842,0.04373733,80,81,1,82,8,33.41,5462.833192716899,0.6900358607954082,0.7060230914438733,0.6900343517693885,0.6948317281847438
14,30,20,90,15,3.5,0.5,350,False,False,True,0,1,0.0,446.886,5468.86,6.03,1.891e-05,0.04371842,0.04373733,80,81,1,82,8,33.41,5462.833192716899,0.6900358607954082,0.7060230914438733,0.6900343517693885,0.6948317281847438
14,30,20,90,15,3.5,0.5,350,False,False,True,0,0,0.0,446.8672,5468.67,6.08,0.0,0.04373542,0.04373542,80,81,1,82,8,33.41,5462.594631940599,0.6896941563079922,0.7056038456473062,0.6896890165215659,0.6944660351525012
14,30,20,90,15,3.5,0.5,350,False,False,False,0,0,0.0,446.8672,5468.67,6.08,0.0,0.04373542,0.04373542,80,81,1,82,8,33.41,5462.594631940599,0.6896941563079922,0.7056038456473062,0.6896890165215659,0.6944660351525012
14,20,20,90,15,3.5,0.25,750,False,False,True,0,1,0.0,443.0568,5430.57,37.9,0.00013749,0.04303811,0.0431756,77,78,1,79,8,32.03,5392.672593308,0.6204371999861864,0.5827231221739324,0.620440211563278,0.6091235789579285
14,20,20,90,15,3.5,0.25,750,False,False,False,0,1,0.0,443.0568,5430.57,37.9,0.00013749,0.04303811,0.0431756,77,78,1,79,8,32.03,5392.672593308,0.6204371999861864,0.5827231221739324,0.620440211563278,0.6091235789579285
14,20,20,90,15,3.5,0.25,750,False,False,False,0,0,0.0,442.9202,5429.2,38.26,0.0,0.04316173,0.04316173,77,78,1,79,8,32.03,5390.9402174089,0.6179543897212384,0.5796786513894382,0.6179501626710773,0.6064708228116662
14,20,20,90,15,3.5,0.25,750,False,False,True,0,0,0.0,442.9202,5429.2,38.26,0.0,0.04316173,0.04316173,77,78,1,79,8,32.03,5390.9402174089,0.6179543897212384,0.5796786513894382,0.6179501626710773,0.6064708228116662
14,20,20,90,15,3.5,0.5,750,True,False,True,0,1,0.0,442.8055,5428.05,61.16,6.033e-05,0.04290889,0.04296923,28,29,1,30,8,31.92,5366.8967883839,0.6158696288325881,0.5374248211071595,0.615859975644778,0.5923342558773975
14,20,20,90,15,3.5,0.5,750,True,False,False,0,1,0.0,442.8055,5428.05,61.16,6.033e-05,0.04290889,0.04296923,28,29,1,30,8,31.92,5366.8967883839,0.6158696288325881,0.5374248211071595,0.615859975644778,0.5923342558773975
14,20,20,90,15,3.5,0.5,750,True,False,False,0,0,0.0,442.5949,5425.95,61.72,0.0,0.04294789,0.04294789,28,29,1,30,8,31.92,5364.2314025377,0.6120418115427045,0.5327406822072968,0.6120431123793599,0.5882517329094133
14,20,20,90,15,3.5,0.5,750,True,False,True,0,0,0.0,442.5949,5425.95,61.72,0.0,0.04294789,0.04294789,28,29,1,30,8,31.92,5364.2314025377,0.6120418115427045,0.5327406822072968,0.6120431123793599,0.5882517329094133
14,20,20,90,15,3.5,0.25,500,False,False,False,0,1,0.0,442.2953,5422.95,39.94,0.00014523,0.04295305,0.04309828,77,78,1,79,8,32.03,5383.0152534004,0.6065963506687773,0.5657513499275655,0.6065904505716208,0.5943416704269824
14,20,20,90,15,3.5,0.25,500,False,False,True,0,1,0.0,442.2953,5422.95,39.94,0.00014523,0.04295305,0.04309828,77,78,1,79,8,32.03,5383.0152534004,0.6065963506687773,0.5657513499275655,0.6065904505716208,0.5943416704269824
14,20,20,90,15,3.5,0.25,500,False,False,False,0,0,0.0,442.151,5421.51,40.32,0.0,0.04308363,0.04308363,77,78,1,79,8,32.03,5381.185454775899,0.6039735869701536,0.5625356688177703,0.6039731729039067,0.5915421287111892
14,20,20,90,15,3.5,0.25,500,False,False,True,0,0,0.0,442.151,5421.51,40.32,0.0,0.04308363,0.04308363,77,78,1,79,8,32.03,5381.185454775899,0.6039735869701536,0.5625356688177703,0.6039731729039067,0.5915421287111892
14,20,20,90,15,3.5,0.25,350,False,False,True,0,1,0.0,441.4646,5414.65,42.17,0.00015368,0.04286026,0.04301394,77,78,1,79,8,32.03,5372.4811089642,0.591497738025348,0.5472386847535011,0.5915047529035421,0.5782214250194327
14,20,20,90,15,3.5,0.25,350,False,False,False,0,1,0.0,441.4646,5414.65,42.17,0.00015368,0.04286026,0.04301394,77,78,1,79,8,32.03,5372.4811089642,0.591497738025348,0.5472386847535011,0.5915047529035421,0.5782214250194327
14,20,20,90,15,3.5,0.25,350,False,False,True,0,0,0.0,441.312,5413.12,42.57,0.0,0.04299844,0.04299844,77,78,1,79,8,32.03,5370.5451445492,0.5887241154306839,0.5438364282892135,0.5887238953815956,0.5752577652784252
14,20,20,90,15,3.5,0.25,350,False,False,False,0,0,0.0,441.312,5413.12,42.57,0.0,0.04299844,0.04299844,77,78,1,79,8,32.03,5370.5451445492,0.5887241154306839,0.5438364282892135,0.5887238953815956,0.5752577652784252
14,30,20,90,15,3.5,0.5,750,True,False,False,0,1,0.0,441.0707,5410.71,45.22,4.524e-05,0.04291273,0.04295797,30,31,1,32,8,33.32,5365.490403912099,0.584338301983158,0.5349532464111677,0.5843435903960454,0.5695238429941384
14,30,20,90,15,3.5,0.5,750,True,False,True,0,1,0.0,441.0707,5410.71,45.22,4.524e-05,0.04291273,0.04295797,30,31,1,32,8,33.32,5365.490403912099,0.584338301983158,0.5349532464111677,0.5843435903960454,0.5695238429941384
14,30,20,90,15,3.5,0.5,750,True,False,False,0,0,0.0,440.9127,5409.13,45.63,0.0,0.04294198,0.04294198,30,31,1,32,8,33.32,5363.493238041399,0.5814665302272146,0.5314434347425255,0.5814718551773029,0.5664606665718256
14,30,20,90,15,3.5,0.5,750,True,False,True,0,0,0.0,440.9127,5409.13,45.63,0.0,0.04294198,0.04294198,30,31,1,32,8,33.32,5363.493238041399,0.5814665302272146,0.5314434347425255,0.5814718551773029,0.5664606665718256
14,30,20,90,15,3.5,0.25,750,False,False,False,0,1,0.0,440.7686,5407.69,22.43,8.111e-05,0.04303508,0.0431162,80,81,1,82,8,33.41,5385.253478066,0.5788474016827125,0.5696847974011151,0.5788545775095872,0.5761000555636082
14,30,20,90,15,3.5,0.25,750,False,False,True,0,1,0.0,440.7686,5407.69,22.43,8.111e-05,0.04303508,0.0431162,80,81,1,82,8,33.41,5385.253478066,0.5788474016827125,0.5696847974011151,0.5788545775095872,0.5761000555636082
14,30,20,90,15,3.5,0.25,750,False,False,False,0,0,0.0,440.688,5406.88,22.65,0.0,0.04310802,0.04310802,80,81,1,82,8,33.41,5384.231788458599,0.5773824345717693,0.5678892839896389,0.5773823588214986,0.574534474247076
14,30,20,90,15,3.5,0.25,750,False,False,True,0,0,0.0,440.688,5406.88,22.65,0.0,0.04310802,0.04310802,80,81,1,82,8,33.41,5384.231788458599,0.5773824345717693,0.5678892839896389,0.5773823588214986,0.574534474247076
14,20,20,90,15,3.5,0.5,500,True,False,False,0,1,0.0,440.4157,5404.16,67.5,6.725e-05,0.04265991,0.04272716,28,29,1,30,8,31.92,5336.6620202588,0.5724331722354199,0.4842903551516748,0.5724386121158146,0.5459914150863753
14,20,20,90,15,3.5,0.5,500,True,False,True,0,1,0.0,440.4157,5404.16,67.5,6.725e-05,0.04265991,0.04272716,28,29,1,30,8,31.92,5336.6620202588,0.5724331722354199,0.4842903551516748,0.5724386121158146,0.5459914150863753
14,30,20,90,15,3.5,0.25,500,False,False,True,0,1,0.0,440.315,5403.15,23.65,8.573e-05,0.04298441,0.04307014,80,81,1,82,8,33.41,5379.5005412302,0.570602872135271,0.5595746081917555,0.570602882640542,0.5672943950532705
14,30,20,90,15,3.5,0.25,500,False,False,False,0,1,0.0,440.315,5403.15,23.65,8.573e-05,0.04298441,0.04307014,80,81,1,82,8,33.41,5379.5005412302,0.570602872135271,0.5595746081917555,0.570602882640542,0.5672943950532705
14,30,20,90,15,3.5,0.25,500,False,False,True,0,0,0.0,440.2298,5402.3,23.88,0.0,0.04306149,0.04306149,80,81,1,82,8,33.41,5378.4201481857,0.569054296479535,0.5576759295842664,0.569057961795017,0.5656415194740508
14,30,20,90,15,3.5,0.25,500,False,False,False,0,0,0.0,440.2298,5402.3,23.88,0.0,0.04306149,0.04306149,80,81,1,82,8,33.41,5378.4201481857,0.569054296479535,0.5576759295842664,0.569057961795017,0.5656415194740508
14,20,20,90,15,3.5,0.5,500,True,False,True,0,0,0.0,440.181,5401.81,68.12,0.0,0.04270338,0.04270338,28,29,1,30,8,31.92,5333.6918761434,0.5681673188739015,0.47907063523420673,0.5681673603664199,0.5414383220804967
14,20,20,90,15,3.5,0.5,500,True,False,False,0,0,0.0,440.181,5401.81,68.12,0.0,0.04270338,0.04270338,28,29,1,30,8,31.92,5333.6918761434,0.5681673188739015,0.47907063523420673,0.5681673603664199,0.5414383220804967
14,30,20,90,15,3.5,0.25,350,False,False,True,0,1,0.0,439.8187,5398.19,24.98,9.077e-05,0.04292898,0.04301975,80,81,1,82,8,33.41,5373.2067833675,0.5615822371829003,0.5485139821765667,0.5615878151184133,0.5576628762681028
14,30,20,90,15,3.5,0.25,350,False,False,False,0,1,0.0,439.8187,5398.19,24.98,9.077e-05,0.04292898,0.04301975,80,81,1,82,8,33.41,5373.2067833675,0.5615822371829003,0.5485139821765667,0.5615878151184133,0.5576628762681028
14,30,20,90,15,3.5,0.25,350,False,False,False,0,0,0.0,439.7286,5397.29,25.22,0.0,0.0430106,0.0430106,80,81,1,82,8,33.41,5372.063939858,0.5599446002511884,0.5465055533605521,0.5599520165760922,0.5559143694489783
14,30,20,90,15,3.5,0.25,350,False,False,True,0,0,0.0,439.7286,5397.29,25.22,0.0,0.0430106,0.0430106,80,81,1,82,8,33.41,5372.063939858,0.5599446002511884,0.5465055533605521,0.5599520165760922,0.5559143694489783
14,30,20,90,15,3.5,0.5,500,True,False,False,0,1,0.0,439.2618,5392.62,50.01,5.048e-05,0.04272426,0.04277474,30,31,1,32,8,33.32,5342.6048065081995,0.5514601505317318,0.49473418499495114,0.551464039695378,0.5344431387034269
14,30,20,90,15,3.5,0.5,500,True,False,True,0,1,0.0,439.2618,5392.62,50.01,5.048e-05,0.04272426,0.04277474,30,31,1,32,8,33.32,5342.6048065081995,0.5514601505317318,0.49473418499495114,0.551464039695378,0.5344431387034269
14,30,20,90,15,3.5,0.5,500,True,False,True,0,0,0.0,439.0855,5390.86,50.48,0.0,0.04275689,0.04275689,30,31,1,32,8,33.32,5340.3753249077,0.548255762173677,0.49081610255059455,0.5482651447681708,0.531025740805651
14,30,20,90,15,3.5,0.5,500,True,False,False,0,0,0.0,439.0855,5390.86,50.48,0.0,0.04275689,0.04275689,30,31,1,32,8,33.32,5340.3753249077,0.548255762173677,0.49081610255059455,0.5482651447681708,0.531025740805651
14,20,20,90,15,3.5,0.5,350,True,False,True,0,1,0.0,437.6697,5376.7,74.78,7.519e-05,0.04237381,0.04244901,28,29,1,30,8,31.92,5301.9208265793,0.5225225061479538,0.4232363141489973,0.5225285810356423,0.4927378635258045
14,20,20,90,15,3.5,0.5,350,True,False,False,0,1,0.0,437.6697,5376.7,74.78,7.519e-05,0.04237381,0.04244901,28,29,1,30,8,31.92,5301.9208265793,0.5225225061479538,0.4232363141489973,0.5225285810356423,0.4927378635258045
14,20,20,90,15,3.5,0.5,350,True,False,False,0,0,0.0,437.4072,5374.07,75.47,0.0,0.04242242,0.04242242,28,29,1,30,8,31.92,5298.5997108506,0.517751366363555,0.4173997980596168,0.5177484141841907,0.4876453054365007
14,20,20,90,15,3.5,0.5,350,True,False,True,0,0,0.0,437.4072,5374.07,75.47,0.0,0.04242242,0.04242242,28,29,1,30,8,31.92,5298.5997108506,0.517751366363555,0.4173997980596168,0.5177484141841907,0.4876453054365007
14,30,20,90,15,3.5,0.5,350,True,False,False,0,1,0.0,437.1763,5371.76,55.54,5.651e-05,0.04250698,0.04256349,30,31,1,32,8,33.32,5316.2194850457,0.5135545809303452,0.4483647218929721,0.5135498645922325,0.49399667995151075
14,30,20,90,15,3.5,0.5,350,True,False,True,0,1,0.0,437.1763,5371.76,55.54,5.651e-05,0.04250698,0.04256349,30,31,1,32,8,33.32,5316.2194850457,0.5135545809303452,0.4483647218929721,0.5135498645922325,0.49399667995151075
14,30,20,90,15,3.5,0.5,350,True,False,True,0,0,0.0,436.979,5369.79,56.07,0.0,0.04254351,0.04254351,30,31,1,32,8,33.32,5313.7239644643,0.5099685013895372,0.44397910356029663,0.5099692833384833,0.49017183843055423
14,30,20,90,15,3.5,0.5,350,True,False,False,0,0,0.0,436.979,5369.79,56.07,0.0,0.04254351,0.04254351,30,31,1,32,8,33.32,5313.7239644643,0.5099685013895372,0.44397910356029663,0.5099692833384833,0.49017183843055423
14,10,20,90,15,3.5,0.5,750,True,False,False,0,1,0.0,434.4441,5344.44,91.36,6.597e-05,0.04199203,0.04205799,22,23,1,24,8,31.66,5253.0820649307,0.46389474047725904,0.3374072610737967,0.4638942910630868,0.4259484067733859
14,10,20,90,15,3.5,0.5,750,True,False,True,0,1,0.0,434.4441,5344.44,91.36,6.597e-05,0.04199203,0.04205799,22,23,1,24,8,31.66,5253.0820649307,0.46389474047725904,0.3374072610737967,0.4638942910630868,0.4259484067733859
14,10,20,90,15,3.5,0.5,750,True,False,True,0,0,0.0,434.1594,5341.59,92.1,0.0,0.0420293,0.0420293,22,23,1,24,8,31.66,5249.498657249,0.45872009858537965,0.3311097941086084,0.45871426234573565,0.42043583999441947
14,10,20,90,15,3.5,0.5,750,True,False,False,0,0,0.0,434.1594,5341.59,92.1,0.0,0.0420293,0.0420293,22,23,1,24,8,31.66,5249.498657249,0.45872009858537965,0.3311097941086084,0.45871426234573565,0.42043583999441947
14,10,20,90,15,3.5,0.5,500,True,False,False,0,1,0.0,431.2303,5312.3,99.68,7.349e-05,0.04166058,0.04173407,22,23,1,24,8,31.66,5212.624155685099,0.40548144889972954,0.26630668598270285,0.40547810756284247,0.3637283517572441
14,10,20,90,15,3.5,0.5,500,True,False,True,0,1,0.0,431.2303,5312.3,99.68,7.349e-05,0.04166058,0.04173407,22,23,1,24,8,31.66,5212.624155685099,0.40548144889972954,0.26630668598270285,0.40547810756284247,0.3637283517572441
14,10,20,90,15,3.5,0.5,500,True,False,True,0,0,0.0,430.9131,5309.13,100.5,0.0,0.0417021,0.0417021,22,23,1,24,8,31.66,5208.631072953,0.39971609446311457,0.2592892576495892,0.399716461585998,0.3575881168436336
14,10,20,90,15,3.5,0.5,500,True,False,False,0,0,0.0,430.9131,5309.13,100.5,0.0,0.0417021,0.0417021,22,23,1,24,8,31.66,5208.631072953,0.39971609446311457,0.2592892576495892,0.399716461585998,0.3575881168436336
14,30,10,90,25,1.0,0.5,750,False,False,True,0,1,0.0,430.3219,5303.22,50.21,7.132e-05,0.04198605,0.04205737,3,4,1,5,0,31.75,5253.004626354099,0.3889705788801184,0.33727117081522373,0.3889747178247521,0.37346158424957676
14,20,10,90,25,1.0,0.5,750,False,False,True,0,1,0.0,430.3219,5303.22,50.21,7.132e-05,0.04198605,0.04205737,3,4,1,5,0,31.75,5253.004626354099,0.3889705788801184,0.33727117081522373,0.3889747178247521,0.37346158424957676
14,30,10,90,25,1.0,0.5,750,False,False,False,0,1,0.0,430.3219,5303.22,50.21,7.132e-05,0.04198605,0.04205737,3,4,1,5,0,31.75,5253.004626354099,0.3889705788801184,0.33727117081522373,0.3889747178247521,0.37346158424957676
14,20,10,90,25,1.0,0.5,750,False,False,False,0,1,0.0,430.3219,5303.22,50.21,7.132e-05,0.04198605,0.04205737,3,4,1,5,0,31.75,5253.004626354099,0.3889705788801184,0.33727117081522373,0.3889747178247521,0.37346158424957676
14,30,10,90,25,1.0,0.5,750,False,False,False,0,0,0.0,430.0857,5300.86,50.47,0.0,0.04203641,0.04203641,3,4,1,5,0,31.74,5250.3867028613,0.3846774618626887,0.33267044207384056,0.38468529053599626,0.3690769216606958
14,20,10,90,25,1.0,0.5,750,False,False,False,0,0,0.0,430.0857,5300.86,50.47,0.0,0.04203641,0.04203641,3,4,1,5,0,31.74,5250.3867028613,0.3846774618626887,0.33267044207384056,0.38468529053599626,0.3690769216606958
14,20,10,90,25,1.0,0.5,750,False,False,True,0,0,0.0,430.0857,5300.86,50.47,0.0,0.04203641,0.04203641,3,4,1,5,0,31.74,5250.3867028613,0.3846774618626887,0.33267044207384056,0.38468529053599626,0.3690769216606958
14,30,10,90,25,1.0,0.5,750,False,False,True,0,0,0.0,430.0857,5300.86,50.47,0.0,0.04203641,0.04203641,3,4,1,5,0,31.74,5250.3867028613,0.3846774618626887,0.33267044207384056,0.38468529053599626,0.3690769216606958
14,10,20,90,15,3.5,0.25,750,False,False,True,0,1,0.0,429.7188,5297.19,95.13,0.00016563,0.04148387,0.0416495,52,53,1,54,8,31.68,5202.0612840349995,0.37800877162689467,0.24774353571271754,0.37801486759119524,0.33893042004550167
14,10,20,90,15,3.5,0.25,750,False,False,False,0,1,0.0,429.7188,5297.19,95.13,0.00016563,0.04148387,0.0416495,52,53,1,54,8,31.68,5202.0612840349995,0.37800877162689467,0.24774353571271754,0.37801486759119524,0.33893042004550167
14,10,20,90,15,3.5,0.25,750,False,False,False,0,0,0.0,429.3705,5293.7,96.0,0.0,0.04161461,0.04161461,52,53,1,54,8,31.68,5197.7034905873,0.37167815072439503,0.24008516616181633,0.37167160435485913,0.3321989460817142
14,10,20,90,15,3.5,0.25,750,False,False,True,0,0,0.0,429.3705,5293.7,96.0,0.0,0.04161461,0.04161461,52,53,1,54,8,31.68,5197.7034905873,0.37167815072439503,0.24008516616181633,0.37167160435485913,0.3321989460817142
14,10,20,90,15,3.5,0.25,500,False,False,True,0,1,0.0,427.801,5278.01,99.94,0.00017484,0.0412826,0.04145744,52,53,1,54,8,31.68,5178.0728114192,0.34315127875634066,0.20558628561394215,0.3431541831003841,0.30188236168242977
14,10,20,90,15,3.5,0.25,500,False,False,False,0,1,0.0,427.801,5278.01,99.94,0.00017484,0.0412826,0.04145744,52,53,1,54,8,31.68,5178.0728114192,0.34315127875634066,0.20558628561394215,0.3431541831003841,0.30188236168242977
14,20,10,90,25,1.0,0.5,500,False,False,True,0,1,0.0,427.6899,5276.9,53.07,7.935e-05,0.0417444,0.04182375,3,4,1,5,0,31.71,5223.8252710874995,0.34113195064187757,0.2859914833838183,0.34113669823151954,0.3245907599823882
14,30,10,90,25,1.0,0.5,500,False,False,True,0,1,0.0,427.6899,5276.9,53.07,7.935e-05,0.0417444,0.04182375,3,4,1,5,0,31.71,5223.8252710874995,0.34113195064187757,0.2859914833838183,0.34113669823151954,0.3245907599823882
14,30,10,90,25,1.0,0.5,500,False,False,False,0,1,0.0,427.6899,5276.9,53.07,7.935e-05,0.0417444,0.04182375,3,4,1,5,0,31.71,5223.8252710874995,0.34113195064187757,0.2859914833838183,0.34113669823151954,0.3245907599823882
14,20,10,90,25,1.0,0.5,500,False,False,False,0,1,0.0,427.6899,5276.9,53.07,7.935e-05,0.0417444,0.04182375,3,4,1,5,0,31.71,5223.8252710874995,0.34113195064187757,0.2859914833838183,0.34113669823151954,0.3245907599823882
14,10,20,90,15,3.5,0.5,350,True,False,True,0,1,0.0,427.544,5275.44,109.22,8.212e-05,0.0412804,0.04136252,22,23,1,24,8,31.66,5166.2172151436,0.33848010571028136,0.1847513060274813,0.33848306948508644,0.29236205856040237
14,10,20,90,15,3.5,0.5,350,True,False,False,0,1,0.0,427.544,5275.44,109.22,8.212e-05,0.0412804,0.04136252,22,23,1,24,8,31.66,5166.2172151436,0.33848010571028136,0.1847513060274813,0.33848306948508644,0.29236205856040237
14,10,20,90,15,3.5,0.25,500,False,False,True,0,0,0.0,427.4333,5274.33,100.86,0.0,0.04142061,0.04142061,52,53,1,54,8,31.68,5173.4727101673,0.3364680479040604,0.19750208525396112,0.33646558461622356,0.29477776645146325
14,10,20,90,15,3.5,0.25,500,False,False,False,0,0,0.0,427.4333,5274.33,100.86,0.0,0.04142061,0.04142061,52,53,1,54,8,31.68,5173.4727101673,0.3364680479040604,0.19750208525396112,0.33646558461622356,0.29477776645146325
14,30,10,90,25,1.0,0.5,500,False,False,False,0,0,0.0,427.4271,5274.27,53.36,0.0,0.04180043,0.04180043,3,4,1,5,0,31.71,5220.9125813999,0.3363553581262959,0.28087273365819376,0.33635653138006966,0.31971080543662
14,20,10,90,25,1.0,0.5,500,False,False,True,0,0,0.0,427.4271,5274.27,53.36,0.0,0.04180043,0.04180043,3,4,1,5,0,31.71,5220.9125813999,0.3363553581262959,0.28087273365819376,0.33635653138006966,0.31971080543662
14,20,10,90,25,1.0,0.5,500,False,False,False,0,0,0.0,427.4271,5274.27,53.36,0.0,0.04180043,0.04180043,3,4,1,5,0,31.71,5220.9125813999,0.3363553581262959,0.28087273365819376,0.33635653138006966,0.31971080543662
14,30,10,90,25,1.0,0.5,500,False,False,True,0,0,0.0,427.4271,5274.27,53.36,0.0,0.04180043,0.04180043,3,4,1,5,0,31.71,5220.9125813999,0.3363553581262959,0.28087273365819376,0.33635653138006966,0.31971080543662
14,10,20,90,15,3.5,0.5,350,True,False,True,0,0,0.0,427.1896,5271.9,110.14,0.0,0.0413268,0.0413268,22,23,1,24,8,31.66,5161.755753924,0.33203861260707757,0.17691075113042634,0.3320489285519543,0.28550231735305753
14,10,20,90,15,3.5,0.5,350,True,False,False,0,0,0.0,427.1896,5271.9,110.14,0.0,0.0413268,0.0413268,22,23,1,24,8,31.66,5161.755753924,0.33203861260707757,0.17691075113042634,0.3320489285519543,0.28550231735305753
14,10,20,90,15,3.5,0.25,350,False,False,True,0,1,0.0,425.717,5257.17,105.17,0.00018485,0.04106388,0.04124873,52,53,1,54,8,31.68,5152.004738318899,0.3052729728108643,0.1597743535712711,0.30527635907595585,0.26162406429200463
14,10,20,90,15,3.5,0.25,350,False,False,False,0,1,0.0,425.717,5257.17,105.17,0.00018485,0.04106388,0.04124873,52,53,1,54,8,31.68,5152.004738318899,0.3052729728108643,0.1597743535712711,0.30527635907595585,0.26162406429200463
14,10,20,90,15,3.5,0.25,350,False,False,False,0,0,0.0,425.3282,5253.28,106.14,0.0,0.04120979,0.04120979,52,53,1,54,8,31.68,5147.1410961047,0.29820623319877154,0.1512270073313145,0.29820607426525353,0.25411243365183084
14,10,20,90,15,3.5,0.25,350,False,False,True,0,0,0.0,425.3282,5253.28,106.14,0.0,0.04120979,0.04120979,52,53,1,54,8,31.68,5147.1410961047,0.29820623319877154,0.1512270073313145,0.29820607426525353,0.25411243365183084
14,30,10,90,25,1.0,0.5,350,False,False,False,0,1,0.0,424.6842,5246.84,56.34,8.852e-05,0.04146844,0.04155696,3,4,1,5,0,31.67,5190.5029519728,0.28650103692771256,0.22743096711883676,0.2865010269179742,0.26878001398310214
14,20,10,90,25,1.0,0.5,350,False,False,False,0,1,0.0,424.6842,5246.84,56.34,8.852e-05,0.04146844,0.04155696,3,4,1,5,0,31.67,5190.5029519728,0.28650103692771256,0.22743096711883676,0.2865010269179742,0.26878001398310214
14,30,10,90,25,1.0,0.5,350,False,False,True,0,1,0.0,424.6842,5246.84,56.34,8.852e-05,0.04146844,0.04155696,3,4,1,5,0,31.67,5190.5029519728,0.28650103692771256,0.22743096711883676,0.2865010269179742,0.26878001398310214
14,20,10,90,25,1.0,0.5,350,False,False,True,0,1,0.0,424.6842,5246.84,56.34,8.852e-05,0.04146844,0.04155696,3,4,1,5,0,31.67,5190.5029519728,0.28650103692771256,0.22743096711883676,0.2865010269179742,0.26878001398310214
14,30,10,90,25,1.0,0.5,350,False,False,True,0,0,0.0,424.3911,5243.91,56.66,0.0,0.04153095,0.04153095,3,4,1,5,0,31.67,5187.254278783499,0.2811737185627325,0.22172176127134566,0.2811755938857484,0.26333850643991963
14,30,10,90,25,1.0,0.5,350,False,False,False,0,0,0.0,424.3911,5243.91,56.66,0.0,0.04153095,0.04153095,3,4,1,5,0,31.67,5187.254278783499,0.2811737185627325,0.22172176127134566,0.2811755938857484,0.26333850643991963
14,20,10,90,25,1.0,0.5,350,False,False,True,0,0,0.0,424.3911,5243.91,56.66,0.0,0.04153095,0.04153095,3,4,1,5,0,31.67,5187.254278783499,0.2811737185627325,0.22172176127134566,0.2811755938857484,0.26333850643991963
14,20,10,90,25,1.0,0.5,350,False,False,False,0,0,0.0,424.3911,5243.91,56.66,0.0,0.04153095,0.04153095,3,4,1,5,0,31.67,5187.254278783499,0.2811737185627325,0.22172176127134566,0.2811755938857484,0.26333850643991963
14,10,10,90,25,1.0,0.5,750,False,False,False,0,1,0.0,423.0557,5230.56,89.37,7.132e-05,0.0410908,0.04116213,1,2,1,3,0,31.38,5141.1883177808995,0.25690179449383194,0.14076561745467264,0.2569112488413102,0.2220628322515798
14,10,10,90,25,1.0,0.5,750,False,False,True,0,1,0.0,423.0557,5230.56,89.37,7.132e-05,0.0410908,0.04116213,1,2,1,3,0,31.38,5141.1883177808995,0.25690179449383194,0.14076561745467264,0.2569112488413102,0.2220628322515798
14,10,10,90,25,1.0,0.5,750,False,False,True,0,0,0.0,422.7825,5227.82,89.83,0.0,0.04113659,0.04113659,1,2,1,3,0,31.38,5137.9983480287,0.25193617396393597,0.13515957680319596,0.2519311510569072,0.2169021902343082
14,10,10,90,25,1.0,0.5,750,False,False,False,0,0,0.0,422.7825,5227.82,89.83,0.0,0.04113659,0.04113659,1,2,1,3,0,31.38,5137.9983480287,0.25193617396393597,0.13515957680319596,0.2519311510569072,0.2169021902343082
14,10,10,90,25,1.0,0.5,500,False,False,False,0,1,0.0,420.01,5200.1,94.46,7.935e-05,0.04079818,0.04087753,1,2,1,3,0,31.33,5105.6415131029,0.2015438499553782,0.07829579876201799,0.20154855595339866,0.16457037579697423
14,10,10,90,25,1.0,0.5,500,False,False,True,0,1,0.0,420.01,5200.1,94.46,7.935e-05,0.04079818,0.04087753,1,2,1,3,0,31.33,5105.6415131029,0.2015438499553782,0.07829579876201799,0.20154855595339866,0.16457037579697423
14,10,10,90,25,1.0,0.5,500,False,False,True,0,0,0.0,419.706,5197.06,94.97,0.0,0.04084912,0.04084912,1,2,1,3,0,31.32,5102.0930776816,0.19601841569077944,0.07205979191360508,0.19602319198822304,0.15883178381711585
14,10,10,90,25,1.0,0.5,500,False,False,False,0,0,0.0,419.706,5197.06,94.97,0.0,0.04084912,0.04084912,1,2,1,3,0,31.32,5102.0930776816,0.19601841569077944,0.07205979191360508,0.19602319198822304,0.15883178381711585
14,10,10,90,25,1.0,0.5,350,False,False,False,0,1,0.0,416.5318,5165.32,100.27,8.852e-05,0.040464,0.04055252,1,2,1,3,0,31.26,5065.0474618436,0.1383248846292955,0.006955968216339807,0.1383340300623416,0.09891603879201802
14,10,10,90,25,1.0,0.5,350,False,False,True,0,1,0.0,416.5318,5165.32,100.27,8.852e-05,0.040464,0.04055252,1,2,1,3,0,31.26,5065.0474618436,0.1383248846292955,0.006955968216339807,0.1383340300623416,0.09891603879201802
14,10,10,90,25,1.0,0.5,350,False,False,True,0,0,0.0,416.1926,5161.93,100.84,0.0,0.04052083,0.04052083,1,2,1,3,0,31.25,5061.0893513719,0.13215966323932254,0.0,0.13217252221959744,0.09251433606358075
14,10,10,90,25,1.0,0.5,350,False,False,False,0,0,0.0,416.1926,5161.93,100.84,0.0,0.04052083,0.04052083,1,2,1,3,0,31.25,5061.0893513719,0.13215966323932254,0.0,0.13217252221959744,0.09251433606358075
14,20,30,90,15,3.5,1.5,500,False,True,False,0,0,0.0,414.3201,5143.2,13.72,0.0,0.04106842,0.04106842,36,36,0,36,106,36.21,5129.4838516306,0.09812553277727626,0.12019623337284358,0.09812973699994515,0.10474758380048023
14,20,30,90,15,3.5,1.5,350,False,True,False,0,0,0.0,414.3201,5143.2,13.72,0.0,0.04106842,0.04106842,36,36,0,36,106,36.21,5129.4838516306,0.09812553277727626,0.12019623337284358,0.09812973699994515,0.10474758380048023
14,20,30,90,15,3.5,0.5,750,False,True,False,0,1,0.0,414.3201,5143.2,13.72,0.0,0.04106842,0.04106842,36,36,0,36,106,36.21,5129.4838516306,0.09812553277727626,0.12019623337284358,0.09812973699994515,0.10474758380048023
14,20,30,90,15,3.5,0.5,750,False,True,False,0,0,0.0,414.3201,5143.2,13.72,0.0,0.04106842,0.04106842,36,36,0,36,106,36.21,5129.4838516306,0.09812553277727626,0.12019623337284358,0.09812973699994515,0.10474758380048023
14,20,30,90,15,3.5,0.25,750,False,True,True,0,0,0.0,414.3201,5143.2,13.72,0.0,0.04106842,0.04106842,36,36,0,36,106,36.21,5129.4838516306,0.09812553277727626,0.12019623337284358,0.09812973699994515,0.10474758380048023
14,20,30,90,15,3.5,1.5,350,False,True,True,0,0,0.0,414.3201,5143.2,13.72,0.0,0.04106842,0.04106842,36,36,0,36,106,36.21,5129.4838516306,0.09812553277727626,0.12019623337284358,0.09812973699994515,0.10474758380048023
14,20,30,90,15,3.5,1.5,750,True,True,True,0,0,0.0,414.3201,5143.2,13.72,0.0,0.04106842,0.04106842,36,36,0,36,106,36.21,5129.4838516306,0.09812553277727626,0.12019623337284358,0.09812973699994515,0.10474758380048023
14,20,30,90,15,3.5,0.5,500,False,True,False,0,1,0.0,414.3201,5143.2,13.72,0.0,0.04106842,0.04106842,36,36,0,36,106,36.21,5129.4838516306,0.09812553277727626,0.12019623337284358,0.09812973699994515,0.10474758380048023
14,20,30,90,15,3.5,0.5,350,False,True,False,0,1,0.0,414.3201,5143.2,13.72,0.0,0.04106842,0.04106842,36,36,0,36,106,36.21,5129.4838516306,0.09812553277727626,0.12019623337284358,0.09812973699994515,0.10474758380048023
14,20,30,90,15,3.5,1.5,350,True,True,True,0,0,0.0,414.3201,5143.2,13.72,0.0,0.04106842,0.04106842,36,36,0,36,106,36.21,5129.4838516306,0.09812553277727626,0.12019623337284358,0.09812973699994515,0.10474758380048023
14,20,30,90,15,3.5,0.25,750,True,True,False,0,0,0.0,414.3201,5143.2,13.72,0.0,0.04106842,0.04106842,36,36,0,36,106,36.21,5129.4838516306,0.09812553277727626,0.12019623337284358,0.09812973699994515,0.10474758380048023
14,20,30,90,15,3.5,1.5,750,True,True,False,0,0,0.0,414.3201,5143.2,13.72,0.0,0.04106842,0.04106842,36,36,0,36,106,36.21,5129.4838516306,0.09812553277727626,0.12019623337284358,0.09812973699994515,0.10474758380048023
14,20,30,90,15,3.5,1.5,350,True,True,False,0,0,0.0,414.3201,5143.2,13.72,0.0,0.04106842,0.04106842,36,36,0,36,106,36.21,5129.4838516306,0.09812553277727626,0.12019623337284358,0.09812973699994515,0.10474758380048023
14,20,30,90,15,3.5,0.5,350,False,True,True,0,1,0.0,414.3201,5143.2,13.72,0.0,0.04106842,0.04106842,36,36,0,36,106,36.21,5129.4838516306,0.09812553277727626,0.12019623337284358,0.09812973699994515,0.10474758380048023
14,20,30,90,15,3.5,0.5,750,True,True,True,0,1,0.0,414.3201,5143.2,13.72,0.0,0.04106842,0.04106842,36,36,0,36,106,36.21,5129.4838516306,0.09812553277727626,0.12019623337284358,0.09812973699994515,0.10474758380048023
14,20,30,90,15,3.5,0.25,350,False,True,False,0,1,0.0,414.3201,5143.2,13.72,0.0,0.04106842,0.04106842,36,36,0,36,106,36.21,5129.4838516306,0.09812553277727626,0.12019623337284358,0.09812973699994515,0.10474758380048023
14,20,30,90,15,3.5,0.5,750,True,True,False,0,1,0.0,414.3201,5143.2,13.72,0.0,0.04106842,0.04106842,36,36,0,36,106,36.21,5129.4838516306,0.09812553277727626,0.12019623337284358,0.09812973699994515,0.10474758380048023
14,20,30,90,15,3.5,1.5,350,False,True,True,0,1,0.0,414.3201,5143.2,13.72,0.0,0.04106842,0.04106842,36,36,0,36,106,36.21,5129.4838516306,0.09812553277727626,0.12019623337284358,0.09812973699994515,0.10474758380048023
14,20,30,90,15,3.5,0.5,500,True,True,True,0,1,0.0,414.3201,5143.2,13.72,0.0,0.04106842,0.04106842,36,36,0,36,106,36.21,5129.4838516306,0.09812553277727626,0.12019623337284358,0.09812973699994515,0.10474758380048023
14,20,30,90,15,3.5,1.5,500,True,True,False,0,1,0.0,414.3201,5143.2,13.72,0.0,0.04106842,0.04106842,36,36,0,36,106,36.21,5129.4838516306,0.09812553277727626,0.12019623337284358,0.09812973699994515,0.10474758380048023
14,20,30,90,15,3.5,0.5,500,False,True,True,0,1,0.0,414.3201,5143.2,13.72,0.0,0.04106842,0.04106842,36,36,0,36,106,36.21,5129.4838516306,0.09812553277727626,0.12019623337284358,0.09812973699994515,0.10474758380048023
14,20,30,90,15,3.5,1.5,500,True,True,True,0,1,0.0,414.3201,5143.2,13.72,0.0,0.04106842,0.04106842,36,36,0,36,106,36.21,5129.4838516306,0.09812553277727626,0.12019623337284358,0.09812973699994515,0.10474758380048023
14,20,30,90,15,3.5,1.5,500,False,True,True,0,1,0.0,414.3201,5143.2,13.72,0.0,0.04106842,0.04106842,36,36,0,36,106,36.21,5129.4838516306,0.09812553277727626,0.12019623337284358,0.09812973699994515,0.10474758380048023
14,20,30,90,15,3.5,0.25,500,True,True,False,0,0,0.0,414.3201,5143.2,13.72,0.0,0.04106842,0.04106842,36,36,0,36,106,36.21,5129.4838516306,0.09812553277727626,0.12019623337284358,0.09812973699994515,0.10474758380048023
14,20,30,90,15,3.5,0.25,750,True,True,True,0,1,0.0,414.3201,5143.2,13.72,0.0,0.04106842,0.04106842,36,36,0,36,106,36.21,5129.4838516306,0.09812553277727626,0.12019623337284358,0.09812973699994515,0.10474758380048023
14,20,30,90,15,3.5,1.5,500,False,True,False,0,1,0.0,414.3201,5143.2,13.72,0.0,0.04106842,0.04106842,36,36,0,36,106,36.21,5129.4838516306,0.09812553277727626,0.12019623337284358,0.09812973699994515,0.10474758380048023
14,20,30,90,15,3.5,0.25,500,True,True,False,0,1,0.0,414.3201,5143.2,13.72,0.0,0.04106842,0.04106842,36,36,0,36,106,36.21,5129.4838516306,0.09812553277727626,0.12019623337284358,0.09812973699994515,0.10474758380048023
14,20,30,90,15,3.5,0.5,750,True,True,True,0,0,0.0,414.3201,5143.2,13.72,0.0,0.04106842,0.04106842,36,36,0,36,106,36.21,5129.4838516306,0.09812553277727626,0.12019623337284358,0.09812973699994515,0.10474758380048023
14,20,30,90,15,3.5,0.25,500,True,True,True,0,1,0.0,414.3201,5143.2,13.72,0.0,0.04106842,0.04106842,36,36,0,36,106,36.21,5129.4838516306,0.09812553277727626,0.12019623337284358,0.09812973699994515,0.10474758380048023
14,20,30,90,15,3.5,0.25,350,False,True,True,0,1,0.0,414.3201,5143.2,13.72,0.0,0.04106842,0.04106842,36,36,0,36,106,36.21,5129.4838516306,0.09812553277727626,0.12019623337284358,0.09812973699994515,0.10474758380048023
14,20,30,90,15,3.5,1.5,750,True,True,False,0,1,0.0,414.3201,5143.2,13.72,0.0,0.04106842,0.04106842,36,36,0,36,106,36.21,5129.4838516306,0.09812553277727626,0.12019623337284358,0.09812973699994515,0.10474758380048023
14,20,30,90,15,3.5,0.25,750,False,True,True,0,1,0.0,414.3201,5143.2,13.72,0.0,0.04106842,0.04106842,36,36,0,36,106,36.21,5129.4838516306,0.09812553277727626,0.12019623337284358,0.09812973699994515,0.10474758380048023
14,20,30,90,15,3.5,0.25,350,True,True,True,0,1,0.0,414.3201,5143.2,13.72,0.0,0.04106842,0.04106842,36,36,0,36,106,36.21,5129.4838516306,0.09812553277727626,0.12019623337284358,0.09812973699994515,0.10474758380048023
14,20,30,90,15,3.5,0.25,500,False,True,True,0,1,0.0,414.3201,5143.2,13.72,0.0,0.04106842,0.04106842,36,36,0,36,106,36.21,5129.4838516306,0.09812553277727626,0.12019623337284358,0.09812973699994515,0.10474758380048023
14,20,30,90,15,3.5,1.5,350,False,True,False,0,1,0.0,414.3201,5143.2,13.72,0.0,0.04106842,0.04106842,36,36,0,36,106,36.21,5129.4838516306,0.09812553277727626,0.12019623337284358,0.09812973699994515,0.10474758380048023
14,20,30,90,15,3.5,0.25,350,True,True,False,0,1,0.0,414.3201,5143.2,13.72,0.0,0.04106842,0.04106842,36,36,0,36,106,36.21,5129.4838516306,0.09812553277727626,0.12019623337284358,0.09812973699994515,0.10474758380048023
14,20,30,90,15,3.5,1.5,750,False,True,True,0,1,0.0,414.3201,5143.2,13.72,0.0,0.04106842,0.04106842,36,36,0,36,106,36.21,5129.4838516306,0.09812553277727626,0.12019623337284358,0.09812973699994515,0.10474758380048023
14,20,30,90,15,3.5,1.5,750,True,True,True,0,1,0.0,414.3201,5143.2,13.72,0.0,0.04106842,0.04106842,36,36,0,36,106,36.21,5129.4838516306,0.09812553277727626,0.12019623337284358,0.09812973699994515,0.10474758380048023
14,20,30,90,15,3.5,1.5,500,False,True,True,0,0,0.0,414.3201,5143.2,13.72,0.0,0.04106842,0.04106842,36,36,0,36,106,36.21,5129.4838516306,0.09812553277727626,0.12019623337284358,0.09812973699994515,0.10474758380048023
14,20,30,90,15,3.5,0.5,750,True,True,False,0,0,0.0,414.3201,5143.2,13.72,0.0,0.04106842,0.04106842,36,36,0,36,106,36.21,5129.4838516306,0.09812553277727626,0.12019623337284358,0.09812973699994515,0.10474758380048023
14,20,30,90,15,3.5,0.5,500,False,True,True,0,0,0.0,414.3201,5143.2,13.72,0.0,0.04106842,0.04106842,36,36,0,36,106,36.21,5129.4838516306,0.09812553277727626,0.12019623337284358,0.09812973699994515,0.10474758380048023
14,20,30,90,15,3.5,1.5,750,False,True,True,0,0,0.0,414.3201,5143.2,13.72,0.0,0.04106842,0.04106842,36,36,0,36,106,36.21,5129.4838516306,0.09812553277727626,0.12019623337284358,0.09812973699994515,0.10474758380048023
14,20,30,90,15,3.5,0.5,500,True,True,False,0,0,0.0,414.3201,5143.2,13.72,0.0,0.04106842,0.04106842,36,36,0,36,106,36.21,5129.4838516306,0.09812553277727626,0.12019623337284358,0.09812973699994515,0.10474758380048023
14,20,30,90,15,3.5,1.5,500,True,True,True,0,0,0.0,414.3201,5143.2,13.72,0.0,0.04106842,0.04106842,36,36,0,36,106,36.21,5129.4838516306,0.09812553277727626,0.12019623337284358,0.09812973699994515,0.10474758380048023
14,20,30,90,15,3.5,0.5,350,False,True,True,0,0,0.0,414.3201,5143.2,13.72,0.0,0.04106842,0.04106842,36,36,0,36,106,36.21,5129.4838516306,0.09812553277727626,0.12019623337284358,0.09812973699994515,0.10474758380048023
14,20,30,90,15,3.5,0.5,350,False,True,False,0,0,0.0,414.3201,5143.2,13.72,0.0,0.04106842,0.04106842,36,36,0,36,106,36.21,5129.4838516306,0.09812553277727626,0.12019623337284358,0.09812973699994515,0.10474758380048023
14,20,30,90,15,3.5,0.5,350,True,True,True,0,0,0.0,414.3201,5143.2,13.72,0.0,0.04106842,0.04106842,36,36,0,36,106,36.21,5129.4838516306,0.09812553277727626,0.12019623337284358,0.09812973699994515,0.10474758380048023
14,20,30,90,15,3.5,0.5,500,False,True,False,0,0,0.0,414.3201,5143.2,13.72,0.0,0.04106842,0.04106842,36,36,0,36,106,36.21,5129.4838516306,0.09812553277727626,0.12019623337284358,0.09812973699994515,0.10474758380048023
14,20,30,90,15,3.5,0.5,500,True,True,False,0,1,0.0,414.3201,5143.2,13.72,0.0,0.04106842,0.04106842,36,36,0,36,106,36.21,5129.4838516306,0.09812553277727626,0.12019623337284358,0.09812973699994515,0.10474758380048023
14,20,30,90,15,3.5,0.25,350,True,True,True,0,0,0.0,414.3201,5143.2,13.72,0.0,0.04106842,0.04106842,36,36,0,36,106,36.21,5129.4838516306,0.09812553277727626,0.12019623337284358,0.09812973699994515,0.10474758380048023
14,20,30,90,15,3.5,0.25,750,True,True,True,0,0,0.0,414.3201,5143.2,13.72,0.0,0.04106842,0.04106842,36,36,0,36,106,36.21,5129.4838516306,0.09812553277727626,0.12019623337284358,0.09812973699994515,0.10474758380048023
14,20,30,90,15,3.5,0.5,750,False,True,True,0,0,0.0,414.3201,5143.2,13.72,0.0,0.04106842,0.04106842,36,36,0,36,106,36.21,5129.4838516306,0.09812553277727626,0.12019623337284358,0.09812973699994515,0.10474758380048023
14,20,30,90,15,3.5,0.5,350,True,True,False,0,0,0.0,414.3201,5143.2,13.72,0.0,0.04106842,0.04106842,36,36,0,36,106,36.21,5129.4838516306,0.09812553277727626,0.12019623337284358,0.09812973699994515,0.10474758380048023
14,20,30,90,15,3.5,0.5,500,True,True,True,0,0,0.0,414.3201,5143.2,13.72,0.0,0.04106842,0.04106842,36,36,0,36,106,36.21,5129.4838516306,0.09812553277727626,0.12019623337284358,0.09812973699994515,0.10474758380048023
14,20,30,90,15,3.5,0.5,350,True,True,False,0,1,0.0,414.3201,5143.2,13.72,0.0,0.04106842,0.04106842,36,36,0,36,106,36.21,5129.4838516306,0.09812553277727626,0.12019623337284358,0.09812973699994515,0.10474758380048023
14,20,30,90,15,3.5,0.5,750,False,True,True,0,1,0.0,414.3201,5143.2,13.72,0.0,0.04106842,0.04106842,36,36,0,36,106,36.21,5129.4838516306,0.09812553277727626,0.12019623337284358,0.09812973699994515,0.10474758380048023
14,20,30,90,15,3.5,0.25,350,False,True,False,0,0,0.0,414.3201,5143.2,13.72,0.0,0.04106842,0.04106842,36,36,0,36,106,36.21,5129.4838516306,0.09812553277727626,0.12019623337284358,0.09812973699994515,0.10474758380048023
14,20,30,90,15,3.5,0.25,750,False,True,False,0,1,0.0,414.3201,5143.2,13.72,0.0,0.04106842,0.04106842,36,36,0,36,106,36.21,5129.4838516306,0.09812553277727626,0.12019623337284358,0.09812973699994515,0.10474758380048023
14,20,30,90,15,3.5,1.5,500,True,True,False,0,0,0.0,414.3201,5143.2,13.72,0.0,0.04106842,0.04106842,36,36,0,36,106,36.21,5129.4838516306,0.09812553277727626,0.12019623337284358,0.09812973699994515,0.10474758380048023
14,20,30,90,15,3.5,0.5,350,True,True,True,0,1,0.0,414.3201,5143.2,13.72,0.0,0.04106842,0.04106842,36,36,0,36,106,36.21,5129.4838516306,0.09812553277727626,0.12019623337284358,0.09812973699994515,0.10474758380048023
14,20,30,90,15,3.5,0.25,350,False,True,True,0,0,0.0,414.3201,5143.2,13.72,0.0,0.04106842,0.04106842,36,36,0,36,106,36.21,5129.4838516306,0.09812553277727626,0.12019623337284358,0.09812973699994515,0.10474758380048023
14,20,30,90,15,3.5,0.25,500,True,True,True,0,0,0.0,414.3201,5143.2,13.72,0.0,0.04106842,0.04106842,36,36,0,36,106,36.21,5129.4838516306,0.09812553277727626,0.12019623337284358,0.09812973699994515,0.10474758380048023
14,20,30,90,15,3.5,0.25,500,False,True,False,0,1,0.0,414.3201,5143.2,13.72,0.0,0.04106842,0.04106842,36,36,0,36,106,36.21,5129.4838516306,0.09812553277727626,0.12019623337284358,0.09812973699994515,0.10474758380048023
14,20,30,90,15,3.5,0.25,750,False,True,False,0,0,0.0,414.3201,5143.2,13.72,0.0,0.04106842,0.04106842,36,36,0,36,106,36.21,5129.4838516306,0.09812553277727626,0.12019623337284358,0.09812973699994515,0.10474758380048023
14,20,30,90,15,3.5,0.25,750,True,True,False,0,1,0.0,414.3201,5143.2,13.72,0.0,0.04106842,0.04106842,36,36,0,36,106,36.21,5129.4838516306,0.09812553277727626,0.12019623337284358,0.09812973699994515,0.10474758380048023
14,20,30,90,15,3.5,0.25,350,True,True,False,0,0,0.0,414.3201,5143.2,13.72,0.0,0.04106842,0.04106842,36,36,0,36,106,36.21,5129.4838516306,0.09812553277727626,0.12019623337284358,0.09812973699994515,0.10474758380048023
14,20,30,90,15,3.5,1.5,350,True,True,True,0,1,0.0,414.3201,5143.2,13.72,0.0,0.04106842,0.04106842,36,36,0,36,106,36.21,5129.4838516306,0.09812553277727626,0.12019623337284358,0.09812973699994515,0.10474758380048023
14,20,30,90,15,3.5,0.25,500,False,True,False,0,0,0.0,414.3201,5143.2,13.72,0.0,0.04106842,0.04106842,36,36,0,36,106,36.21,5129.4838516306,0.09812553277727626,0.12019623337284358,0.09812973699994515,0.10474758380048023
14,20,30,90,15,3.5,1.5,750,False,True,False,0,1,0.0,414.3201,5143.2,13.72,0.0,0.04106842,0.04106842,36,36,0,36,106,36.21,5129.4838516306,0.09812553277727626,0.12019623337284358,0.09812973699994515,0.10474758380048023
14,20,30,90,15,3.5,0.25,500,False,True,True,0,0,0.0,414.3201,5143.2,13.72,0.0,0.04106842,0.04106842,36,36,0,36,106,36.21,5129.4838516306,0.09812553277727626,0.12019623337284358,0.09812973699994515,0.10474758380048023
14,20,30,90,15,3.5,1.5,750,False,True,False,0,0,0.0,414.3201,5143.2,13.72,0.0,0.04106842,0.04106842,36,36,0,36,106,36.21,5129.4838516306,0.09812553277727626,0.12019623337284358,0.09812973699994515,0.10474758380048023
14,20,30,90,15,3.5,1.5,350,True,True,False,0,1,0.0,414.3201,5143.2,13.72,0.0,0.04106842,0.04106842,36,36,0,36,106,36.21,5129.4838516306,0.09812553277727626,0.12019623337284358,0.09812973699994515,0.10474758380048023
14,20,20,90,15,2.5,0.5,750,True,True,False,0,1,0.0,411.157,5111.57,13.82,0.0,0.04081439,0.04081439,17,17,0,17,8,37.12,5097.7552683827,0.04063375276953261,0.06443654242943025,0.040640506007015194,0.047775940314998426
14,20,20,90,15,2.5,1.5,350,True,True,False,0,1,0.0,411.157,5111.57,13.82,0.0,0.04081439,0.04081439,17,17,0,17,8,37.12,5097.7552683827,0.04063375276953261,0.06443654242943025,0.040640506007015194,0.047775940314998426
14,20,20,90,15,2.5,0.5,350,True,True,True,0,0,0.0,411.157,5111.57,13.82,0.0,0.04081439,0.04081439,17,17,0,17,8,37.12,5097.7552683827,0.04063375276953261,0.06443654242943025,0.040640506007015194,0.047775940314998426
14,20,20,90,15,2.5,0.25,350,True,True,False,0,0,0.0,411.157,5111.57,13.82,0.0,0.04081439,0.04081439,17,17,0,17,8,37.12,5097.7552683827,0.04063375276953261,0.06443654242943025,0.040640506007015194,0.047775940314998426
14,20,20,90,15,2.5,0.5,500,True,True,True,0,1,0.0,411.157,5111.57,13.82,0.0,0.04081439,0.04081439,17,17,0,17,8,37.12,5097.7552683827,0.04063375276953261,0.06443654242943025,0.040640506007015194,0.047775940314998426
14,20,20,90,15,2.5,0.25,500,True,True,False,0,1,0.0,411.157,5111.57,13.82,0.0,0.04081439,0.04081439,17,17,0,17,8,37.12,5097.7552683827,0.04063375276953261,0.06443654242943025,0.040640506007015194,0.047775940314998426
14,20,20,90,15,2.5,0.5,750,False,True,False,0,0,0.0,411.157,5111.57,13.82,0.0,0.04081439,0.04081439,17,17,0,17,8,37.12,5097.7552683827,0.04063375276953261,0.06443654242943025,0.040640506007015194,0.047775940314998426
14,20,20,90,15,2.5,1.5,500,True,True,True,0,1,0.0,411.157,5111.57,13.82,0.0,0.04081439,0.04081439,17,17,0,17,8,37.12,5097.7552683827,0.04063375276953261,0.06443654242943025,0.040640506007015194,0.047775940314998426
14,20,20,90,15,2.5,0.5,500,True,True,False,0,0,0.0,411.157,5111.57,13.82,0.0,0.04081439,0.04081439,17,17,0,17,8,37.12,5097.7552683827,0.04063375276953261,0.06443654242943025,0.040640506007015194,0.047775940314998426
14,20,20,90,15,2.5,1.5,500,True,True,True,0,0,0.0,411.157,5111.57,13.82,0.0,0.04081439,0.04081439,17,17,0,17,8,37.12,5097.7552683827,0.04063375276953261,0.06443654242943025,0.040640506007015194,0.047775940314998426
14,20,20,90,15,2.5,0.25,500,False,True,False,0,1,0.0,411.157,5111.57,13.82,0.0,0.04081439,0.04081439,17,17,0,17,8,37.12,5097.7552683827,0.04063375276953261,0.06443654242943025,0.040640506007015194,0.047775940314998426
14,20,20,90,15,2.5,1.5,750,True,True,True,0,1,0.0,411.157,5111.57,13.82,0.0,0.04081439,0.04081439,17,17,0,17,8,37.12,5097.7552683827,0.04063375276953261,0.06443654242943025,0.040640506007015194,0.047775940314998426
14,20,20,90,15,2.5,0.5,500,False,True,False,0,1,0.0,411.157,5111.57,13.82,0.0,0.04081439,0.04081439,17,17,0,17,8,37.12,5097.7552683827,0.04063375276953261,0.06443654242943025,0.040640506007015194,0.047775940314998426
14,20,20,90,15,2.5,0.5,750,False,True,True,0,1,0.0,411.157,5111.57,13.82,0.0,0.04081439,0.04081439,17,17,0,17,8,37.12,5097.7552683827,0.04063375276953261,0.06443654242943025,0.040640506007015194,0.047775940314998426
14,20,20,90,15,2.5,0.25,750,False,True,False,0,1,0.0,411.157,5111.57,13.82,0.0,0.04081439,0.04081439,17,17,0,17,8,37.12,5097.7552683827,0.04063375276953261,0.06443654242943025,0.040640506007015194,0.047775940314998426
14,20,20,90,15,2.5,0.25,500,True,True,True,0,1,0.0,411.157,5111.57,13.82,0.0,0.04081439,0.04081439,17,17,0,17,8,37.12,5097.7552683827,0.04063375276953261,0.06443654242943025,0.040640506007015194,0.047775940314998426
14,20,20,90,15,2.5,0.5,750,False,True,True,0,0,0.0,411.157,5111.57,13.82,0.0,0.04081439,0.04081439,17,17,0,17,8,37.12,5097.7552683827,0.04063375276953261,0.06443654242943025,0.040640506007015194,0.047775940314998426
14,20,20,90,15,2.5,1.5,750,False,True,True,0,0,0.0,411.157,5111.57,13.82,0.0,0.04081439,0.04081439,17,17,0,17,8,37.12,5097.7552683827,0.04063375276953261,0.06443654242943025,0.040640506007015194,0.047775940314998426
14,20,20,90,15,2.5,0.5,500,True,True,True,0,0,0.0,411.157,5111.57,13.82,0.0,0.04081439,0.04081439,17,17,0,17,8,37.12,5097.7552683827,0.04063375276953261,0.06443654242943025,0.040640506007015194,0.047775940314998426
14,20,20,90,15,2.5,0.25,350,False,True,True,0,1,0.0,411.157,5111.57,13.82,0.0,0.04081439,0.04081439,17,17,0,17,8,37.12,5097.7552683827,0.04063375276953261,0.06443654242943025,0.040640506007015194,0.047775940314998426
14,20,20,90,15,2.5,1.5,750,True,True,False,0,1,0.0,411.157,5111.57,13.82,0.0,0.04081439,0.04081439,17,17,0,17,8,37.12,5097.7552683827,0.04063375276953261,0.06443654242943025,0.040640506007015194,0.047775940314998426
14,20,20,90,15,2.5,1.5,500,False,True,False,0,0,0.0,411.157,5111.57,13.82,0.0,0.04081439,0.04081439,17,17,0,17,8,37.12,5097.7552683827,0.04063375276953261,0.06443654242943025,0.040640506007015194,0.047775940314998426
14,20,20,90,15,2.5,0.25,500,False,True,True,0,1,0.0,411.157,5111.57,13.82,0.0,0.04081439,0.04081439,17,17,0,17,8,37.12,5097.7552683827,0.04063375276953261,0.06443654242943025,0.040640506007015194,0.047775940314998426
14,20,20,90,15,2.5,0.5,500,False,True,True,0,0,0.0,411.157,5111.57,13.82,0.0,0.04081439,0.04081439,17,17,0,17,8,37.12,5097.7552683827,0.04063375276953261,0.06443654242943025,0.040640506007015194,0.047775940314998426
14,20,20,90,15,2.5,1.5,750,True,True,True,0,0,0.0,411.157,5111.57,13.82,0.0,0.04081439,0.04081439,17,17,0,17,8,37.12,5097.7552683827,0.04063375276953261,0.06443654242943025,0.040640506007015194,0.047775940314998426
14,20,20,90,15,2.5,0.5,350,False,True,True,0,1,0.0,411.157,5111.57,13.82,0.0,0.04081439,0.04081439,17,17,0,17,8,37.12,5097.7552683827,0.04063375276953261,0.06443654242943025,0.040640506007015194,0.047775940314998426
14,20,20,90,15,2.5,0.25,350,False,True,True,0,0,0.0,411.157,5111.57,13.82,0.0,0.04081439,0.04081439,17,17,0,17,8,37.12,5097.7552683827,0.04063375276953261,0.06443654242943025,0.040640506007015194,0.047775940314998426
14,20,20,90,15,2.5,0.25,750,True,True,False,0,0,0.0,411.157,5111.57,13.82,0.0,0.04081439,0.04081439,17,17,0,17,8,37.12,5097.7552683827,0.04063375276953261,0.06443654242943025,0.040640506007015194,0.047775940314998426
14,20,20,90,15,2.5,0.25,350,False,True,False,0,1,0.0,411.157,5111.57,13.82,0.0,0.04081439,0.04081439,17,17,0,17,8,37.12,5097.7552683827,0.04063375276953261,0.06443654242943025,0.040640506007015194,0.047775940314998426
14,20,20,90,15,2.5,0.5,500,True,True,False,0,1,0.0,411.157,5111.57,13.82,0.0,0.04081439,0.04081439,17,17,0,17,8,37.12,5097.7552683827,0.04063375276953261,0.06443654242943025,0.040640506007015194,0.047775940314998426
14,20,20,90,15,2.5,0.25,750,False,True,False,0,0,0.0,411.157,5111.57,13.82,0.0,0.04081439,0.04081439,17,17,0,17,8,37.12,5097.7552683827,0.04063375276953261,0.06443654242943025,0.040640506007015194,0.047775940314998426
14,20,20,90,15,2.5,1.5,350,False,True,False,0,1,0.0,411.157,5111.57,13.82,0.0,0.04081439,0.04081439,17,17,0,17,8,37.12,5097.7552683827,0.04063375276953261,0.06443654242943025,0.040640506007015194,0.047775940314998426
14,20,20,90,15,2.5,1.5,350,True,True,True,0,1,0.0,411.157,5111.57,13.82,0.0,0.04081439,0.04081439,17,17,0,17,8,37.12,5097.7552683827,0.04063375276953261,0.06443654242943025,0.040640506007015194,0.047775940314998426
14,20,20,90,15,2.5,0.25,750,True,True,True,0,0,0.0,411.157,5111.57,13.82,0.0,0.04081439,0.04081439,17,17,0,17,8,37.12,5097.7552683827,0.04063375276953261,0.06443654242943025,0.040640506007015194,0.047775940314998426
14,20,20,90,15,2.5,0.5,750,True,True,True,0,1,0.0,411.157,5111.57,13.82,0.0,0.04081439,0.04081439,17,17,0,17,8,37.12,5097.7552683827,0.04063375276953261,0.06443654242943025,0.040640506007015194,0.047775940314998426
14,20,20,90,15,2.5,0.5,350,True,True,False,0,0,0.0,411.157,5111.57,13.82,0.0,0.04081439,0.04081439,17,17,0,17,8,37.12,5097.7552683827,0.04063375276953261,0.06443654242943025,0.040640506007015194,0.047775940314998426
14,20,20,90,15,2.5,0.5,350,True,True,True,0,1,0.0,411.157,5111.57,13.82,0.0,0.04081439,0.04081439,17,17,0,17,8,37.12,5097.7552683827,0.04063375276953261,0.06443654242943025,0.040640506007015194,0.047775940314998426
14,20,20,90,15,2.5,0.5,500,False,True,True,0,1,0.0,411.157,5111.57,13.82,0.0,0.04081439,0.04081439,17,17,0,17,8,37.12,5097.7552683827,0.04063375276953261,0.06443654242943025,0.040640506007015194,0.047775940314998426
14,20,20,90,15,2.5,0.5,750,False,True,False,0,1,0.0,411.157,5111.57,13.82,0.0,0.04081439,0.04081439,17,17,0,17,8,37.12,5097.7552683827,0.04063375276953261,0.06443654242943025,0.040640506007015194,0.047775940314998426
14,20,20,90,15,2.5,0.5,350,False,True,False,0,0,0.0,411.157,5111.57,13.82,0.0,0.04081439,0.04081439,17,17,0,17,8,37.12,5097.7552683827,0.04063375276953261,0.06443654242943025,0.040640506007015194,0.047775940314998426
14,20,20,90,15,2.5,1.5,350,False,True,True,0,1,0.0,411.157,5111.57,13.82,0.0,0.04081439,0.04081439,17,17,0,17,8,37.12,5097.7552683827,0.04063375276953261,0.06443654242943025,0.040640506007015194,0.047775940314998426
14,20,20,90,15,2.5,1.5,500,True,True,False,0,1,0.0,411.157,5111.57,13.82,0.0,0.04081439,0.04081439,17,17,0,17,8,37.12,5097.7552683827,0.04063375276953261,0.06443654242943025,0.040640506007015194,0.047775940314998426
14,20,20,90,15,2.5,1.5,350,False,True,True,0,0,0.0,411.157,5111.57,13.82,0.0,0.04081439,0.04081439,17,17,0,17,8,37.12,5097.7552683827,0.04063375276953261,0.06443654242943025,0.040640506007015194,0.047775940314998426
14,20,20,90,15,2.5,0.25,750,True,True,False,0,1,0.0,411.157,5111.57,13.82,0.0,0.04081439,0.04081439,17,17,0,17,8,37.12,5097.7552683827,0.04063375276953261,0.06443654242943025,0.040640506007015194,0.047775940314998426
14,20,20,90,15,2.5,1.5,350,False,True,False,0,0,0.0,411.157,5111.57,13.82,0.0,0.04081439,0.04081439,17,17,0,17,8,37.12,5097.7552683827,0.04063375276953261,0.06443654242943025,0.040640506007015194,0.047775940314998426
14,20,20,90,15,2.5,1.5,500,False,True,True,0,0,0.0,411.157,5111.57,13.82,0.0,0.04081439,0.04081439,17,17,0,17,8,37.12,5097.7552683827,0.04063375276953261,0.06443654242943025,0.040640506007015194,0.047775940314998426
14,20,20,90,15,2.5,0.25,500,False,True,True,0,0,0.0,411.157,5111.57,13.82,0.0,0.04081439,0.04081439,17,17,0,17,8,37.12,5097.7552683827,0.04063375276953261,0.06443654242943025,0.040640506007015194,0.047775940314998426
14,20,20,90,15,2.5,0.25,350,False,True,False,0,0,0.0,411.157,5111.57,13.82,0.0,0.04081439,0.04081439,17,17,0,17,8,37.12,5097.7552683827,0.04063375276953261,0.06443654242943025,0.040640506007015194,0.047775940314998426
14,20,20,90,15,2.5,0.5,350,False,True,False,0,1,0.0,411.157,5111.57,13.82,0.0,0.04081439,0.04081439,17,17,0,17,8,37.12,5097.7552683827,0.04063375276953261,0.06443654242943025,0.040640506007015194,0.047775940314998426
14,20,20,90,15,2.5,1.5,750,False,True,False,0,1,0.0,411.157,5111.57,13.82,0.0,0.04081439,0.04081439,17,17,0,17,8,37.12,5097.7552683827,0.04063375276953261,0.06443654242943025,0.040640506007015194,0.047775940314998426
14,20,20,90,15,2.5,0.25,350,True,True,True,0,0,0.0,411.157,5111.57,13.82,0.0,0.04081439,0.04081439,17,17,0,17,8,37.12,5097.7552683827,0.04063375276953261,0.06443654242943025,0.040640506007015194,0.047775940314998426
14,20,20,90,15,2.5,1.5,750,False,True,True,0,1,0.0,411.157,5111.57,13.82,0.0,0.04081439,0.04081439,17,17,0,17,8,37.12,5097.7552683827,0.04063375276953261,0.06443654242943025,0.040640506007015194,0.047775940314998426
14,20,20,90,15,2.5,0.5,750,True,True,False,0,0,0.0,411.157,5111.57,13.82,0.0,0.04081439,0.04081439,17,17,0,17,8,37.12,5097.7552683827,0.04063375276953261,0.06443654242943025,0.040640506007015194,0.047775940314998426
14,20,20,90,15,2.5,1.5,500,True,True,False,0,0,0.0,411.157,5111.57,13.82,0.0,0.04081439,0.04081439,17,17,0,17,8,37.12,5097.7552683827,0.04063375276953261,0.06443654242943025,0.040640506007015194,0.047775940314998426
14,20,20,90,15,2.5,1.5,500,False,True,False,0,1,0.0,411.157,5111.57,13.82,0.0,0.04081439,0.04081439,17,17,0,17,8,37.12,5097.7552683827,0.04063375276953261,0.06443654242943025,0.040640506007015194,0.047775940314998426
14,20,20,90,15,2.5,0.25,500,False,True,False,0,0,0.0,411.157,5111.57,13.82,0.0,0.04081439,0.04081439,17,17,0,17,8,37.12,5097.7552683827,0.04063375276953261,0.06443654242943025,0.040640506007015194,0.047775940314998426
14,20,20,90,15,2.5,0.25,750,False,True,True,0,1,0.0,411.157,5111.57,13.82,0.0,0.04081439,0.04081439,17,17,0,17,8,37.12,5097.7552683827,0.04063375276953261,0.06443654242943025,0.040640506007015194,0.047775940314998426
14,20,20,90,15,2.5,0.5,350,False,True,True,0,0,0.0,411.157,5111.57,13.82,0.0,0.04081439,0.04081439,17,17,0,17,8,37.12,5097.7552683827,0.04063375276953261,0.06443654242943025,0.040640506007015194,0.047775940314998426
14,20,20,90,15,2.5,0.5,500,False,True,False,0,0,0.0,411.157,5111.57,13.82,0.0,0.04081439,0.04081439,17,17,0,17,8,37.12,5097.7552683827,0.04063375276953261,0.06443654242943025,0.040640506007015194,0.047775940314998426
14,20,20,90,15,2.5,0.5,350,True,True,False,0,1,0.0,411.157,5111.57,13.82,0.0,0.04081439,0.04081439,17,17,0,17,8,37.12,5097.7552683827,0.04063375276953261,0.06443654242943025,0.040640506007015194,0.047775940314998426
14,20,20,90,15,2.5,1.5,750,True,True,False,0,0,0.0,411.157,5111.57,13.82,0.0,0.04081439,0.04081439,17,17,0,17,8,37.12,5097.7552683827,0.04063375276953261,0.06443654242943025,0.040640506007015194,0.047775940314998426
14,20,20,90,15,2.5,1.5,750,False,True,False,0,0,0.0,411.157,5111.57,13.82,0.0,0.04081439,0.04081439,17,17,0,17,8,37.12,5097.7552683827,0.04063375276953261,0.06443654242943025,0.040640506007015194,0.047775940314998426
14,20,20,90,15,2.5,0.25,750,True,True,True,0,1,0.0,411.157,5111.57,13.82,0.0,0.04081439,0.04081439,17,17,0,17,8,37.12,5097.7552683827,0.04063375276953261,0.06443654242943025,0.040640506007015194,0.047775940314998426
14,20,20,90,15,2.5,0.25,500,True,True,False,0,0,0.0,411.157,5111.57,13.82,0.0,0.04081439,0.04081439,17,17,0,17,8,37.12,5097.7552683827,0.04063375276953261,0.06443654242943025,0.040640506007015194,0.047775940314998426
14,20,20,90,15,2.5,1.5,350,True,True,False,0,0,0.0,411.157,5111.57,13.82,0.0,0.04081439,0.04081439,17,17,0,17,8,37.12,5097.7552683827,0.04063375276953261,0.06443654242943025,0.040640506007015194,0.047775940314998426
14,20,20,90,15,2.5,0.25,750,False,True,True,0,0,0.0,411.157,5111.57,13.82,0.0,0.04081439,0.04081439,17,17,0,17,8,37.12,5097.7552683827,0.04063375276953261,0.06443654242943025,0.040640506007015194,0.047775940314998426
14,20,20,90,15,2.5,1.5,350,True,True,True,0,0,0.0,411.157,5111.57,13.82,0.0,0.04081439,0.04081439,17,17,0,17,8,37.12,5097.7552683827,0.04063375276953261,0.06443654242943025,0.040640506007015194,0.047775940314998426
14,20,20,90,15,2.5,1.5,500,False,True,True,0,1,0.0,411.157,5111.57,13.82,0.0,0.04081439,0.04081439,17,17,0,17,8,37.12,5097.7552683827,0.04063375276953261,0.06443654242943025,0.040640506007015194,0.047775940314998426
14,20,20,90,15,2.5,0.25,350,True,True,False,0,1,0.0,411.157,5111.57,13.82,0.0,0.04081439,0.04081439,17,17,0,17,8,37.12,5097.7552683827,0.04063375276953261,0.06443654242943025,0.040640506007015194,0.047775940314998426
14,20,20,90,15,2.5,0.5,750,True,True,True,0,0,0.0,411.157,5111.57,13.82,0.0,0.04081439,0.04081439,17,17,0,17,8,37.12,5097.7552683827,0.04063375276953261,0.06443654242943025,0.040640506007015194,0.047775940314998426
14,20,20,90,15,2.5,0.25,350,True,True,True,0,1,0.0,411.157,5111.57,13.82,0.0,0.04081439,0.04081439,17,17,0,17,8,37.12,5097.7552683827,0.04063375276953261,0.06443654242943025,0.040640506007015194,0.047775940314998426
14,20,20,90,15,2.5,0.25,500,True,True,True,0,0,0.0,411.157,5111.57,13.82,0.0,0.04081439,0.04081439,17,17,0,17,8,37.12,5097.7552683827,0.04063375276953261,0.06443654242943025,0.040640506007015194,0.047775940314998426
14,10,30,90,15,3.5,0.5,350,True,True,True,0,1,0.0,408.9214,5089.21,23.43,0.0,0.04055841,0.04055841,33,33,0,33,102,36.02,5065.7831283213,0.0,0.008248825672769293,0.0,0.002474647701830788
14,10,30,90,15,3.5,0.5,350,True,True,True,0,0,0.0,408.9214,5089.21,23.43,0.0,0.04055841,0.04055841,33,33,0,33,102,36.02,5065.7831283213,0.0,0.008248825672769293,0.0,0.002474647701830788
14,10,30,90,15,3.5,0.25,750,False,True,True,0,1,0.0,408.9214,5089.21,23.43,0.0,0.04055841,0.04055841,33,33,0,33,102,36.02,5065.7831283213,0.0,0.008248825672769293,0.0,0.002474647701830788
14,10,30,90,15,3.5,0.25,750,True,True,False,0,0,0.0,408.9214,5089.21,23.43,0.0,0.04055841,0.04055841,33,33,0,33,102,36.02,5065.7831283213,0.0,0.008248825672769293,0.0,0.002474647701830788
14,10,30,90,15,3.5,1.5,750,False,True,True,0,0,0.0,408.9214,5089.21,23.43,0.0,0.04055841,0.04055841,33,33,0,33,102,36.02,5065.7831283213,0.0,0.008248825672769293,0.0,0.002474647701830788
14,10,30,90,15,3.5,0.5,350,True,True,False,0,1,0.0,408.9214,5089.21,23.43,0.0,0.04055841,0.04055841,33,33,0,33,102,36.02,5065.7831283213,0.0,0.008248825672769293,0.0,0.002474647701830788
14,10,30,90,15,3.5,0.5,350,False,True,False,0,0,0.0,408.9214,5089.21,23.43,0.0,0.04055841,0.04055841,33,33,0,33,102,36.02,5065.7831283213,0.0,0.008248825672769293,0.0,0.002474647701830788
14,10,30,90,15,3.5,0.25,750,False,True,False,0,0,0.0,408.9214,5089.21,23.43,0.0,0.04055841,0.04055841,33,33,0,33,102,36.02,5065.7831283213,0.0,0.008248825672769293,0.0,0.002474647701830788
14,10,30,90,15,3.5,0.5,750,True,True,False,0,1,0.0,408.9214,5089.21,23.43,0.0,0.04055841,0.04055841,33,33,0,33,102,36.02,5065.7831283213,0.0,0.008248825672769293,0.0,0.002474647701830788
14,10,30,90,15,3.5,0.5,500,False,True,True,0,0,0.0,408.9214,5089.21,23.43,0.0,0.04055841,0.04055841,33,33,0,33,102,36.02,5065.7831283213,0.0,0.008248825672769293,0.0,0.002474647701830788
14,10,30,90,15,3.5,0.5,500,False,True,True,0,1,0.0,408.9214,5089.21,23.43,0.0,0.04055841,0.04055841,33,33,0,33,102,36.02,5065.7831283213,0.0,0.008248825672769293,0.0,0.002474647701830788
14,10,30,90,15,3.5,1.5,500,False,True,True,0,1,0.0,408.9214,5089.21,23.43,0.0,0.04055841,0.04055841,33,33,0,33,102,36.02,5065.7831283213,0.0,0.008248825672769293,0.0,0.002474647701830788
14,10,30,90,15,3.5,1.5,500,True,True,True,0,0,0.0,408.9214,5089.21,23.43,0.0,0.04055841,0.04055841,33,33,0,33,102,36.02,5065.7831283213,0.0,0.008248825672769293,0.0,0.002474647701830788
14,10,30,90,15,3.5,1.5,500,True,True,False,0,1,0.0,408.9214,5089.21,23.43,0.0,0.04055841,0.04055841,33,33,0,33,102,36.02,5065.7831283213,0.0,0.008248825672769293,0.0,0.002474647701830788
14,10,30,90,15,3.5,1.5,350,True,True,False,0,1,0.0,408.9214,5089.21,23.43,0.0,0.04055841,0.04055841,33,33,0,33,102,36.02,5065.7831283213,0.0,0.008248825672769293,0.0,0.002474647701830788
14,10,30,90,15,3.5,1.5,350,False,True,True,0,1,0.0,408.9214,5089.21,23.43,0.0,0.04055841,0.04055841,33,33,0,33,102,36.02,5065.7831283213,0.0,0.008248825672769293,0.0,0.002474647701830788
14,10,30,90,15,3.5,0.5,750,True,True,True,0,1,0.0,408.9214,5089.21,23.43,0.0,0.04055841,0.04055841,33,33,0,33,102,36.02,5065.7831283213,0.0,0.008248825672769293,0.0,0.002474647701830788
14,10,30,90,15,3.5,1.5,350,True,True,False,0,0,0.0,408.9214,5089.21,23.43,0.0,0.04055841,0.04055841,33,33,0,33,102,36.02,5065.7831283213,0.0,0.008248825672769293,0.0,0.002474647701830788
14,10,30,90,15,3.5,0.5,350,True,True,False,0,0,0.0,408.9214,5089.21,23.43,0.0,0.04055841,0.04055841,33,33,0,33,102,36.02,5065.7831283213,0.0,0.008248825672769293,0.0,0.002474647701830788
14,10,30,90,15,3.5,0.5,500,True,True,False,0,1,0.0,408.9214,5089.21,23.43,0.0,0.04055841,0.04055841,33,33,0,33,102,36.02,5065.7831283213,0.0,0.008248825672769293,0.0,0.002474647701830788
14,10,30,90,15,3.5,1.5,350,True,True,True,0,0,0.0,408.9214,5089.21,23.43,0.0,0.04055841,0.04055841,33,33,0,33,102,36.02,5065.7831283213,0.0,0.008248825672769293,0.0,0.002474647701830788
14,10,30,90,15,3.5,0.5,500,True,True,True,0,1,0.0,408.9214,5089.21,23.43,0.0,0.04055841,0.04055841,33,33,0,33,102,36.02,5065.7831283213,0.0,0.008248825672769293,0.0,0.002474647701830788
14,10,30,90,15,3.5,1.5,750,True,True,False,0,0,0.0,408.9214,5089.21,23.43,0.0,0.04055841,0.04055841,33,33,0,33,102,36.02,5065.7831283213,0.0,0.008248825672769293,0.0,0.002474647701830788
14,10,30,90,15,3.5,1.5,350,True,True,True,0,1,0.0,408.9214,5089.21,23.43,0.0,0.04055841,0.04055841,33,33,0,33,102,36.02,5065.7831283213,0.0,0.008248825672769293,0.0,0.002474647701830788
14,10,30,90,15,3.5,0.25,750,False,True,False,0,1,0.0,408.9214,5089.21,23.43,0.0,0.04055841,0.04055841,33,33,0,33,102,36.02,5065.7831283213,0.0,0.008248825672769293,0.0,0.002474647701830788
14,10,30,90,15,3.5,0.25,750,True,True,False,0,1,0.0,408.9214,5089.21,23.43,0.0,0.04055841,0.04055841,33,33,0,33,102,36.02,5065.7831283213,0.0,0.008248825672769293,0.0,0.002474647701830788
14,10,30,90,15,3.5,0.5,350,False,True,True,0,1,0.0,408.9214,5089.21,23.43,0.0,0.04055841,0.04055841,33,33,0,33,102,36.02,5065.7831283213,0.0,0.008248825672769293,0.0,0.002474647701830788
14,10,30,90,15,3.5,0.25,750,False,True,True,0,0,0.0,408.9214,5089.21,23.43,0.0,0.04055841,0.04055841,33,33,0,33,102,36.02,5065.7831283213,0.0,0.008248825672769293,0.0,0.002474647701830788
14,10,30,90,15,3.5,1.5,750,False,True,False,0,1,0.0,408.9214,5089.21,23.43,0.0,0.04055841,0.04055841,33,33,0,33,102,36.02,5065.7831283213,0.0,0.008248825672769293,0.0,0.002474647701830788
14,10,30,90,15,3.5,1.5,500,False,True,False,0,0,0.0,408.9214,5089.21,23.43,0.0,0.04055841,0.04055841,33,33,0,33,102,36.02,5065.7831283213,0.0,0.008248825672769293,0.0,0.002474647701830788
14,10,30,90,15,3.5,1.5,500,True,True,False,0,0,0.0,408.9214,5089.21,23.43,0.0,0.04055841,0.04055841,33,33,0,33,102,36.02,5065.7831283213,0.0,0.008248825672769293,0.0,0.002474647701830788
14,10,30,90,15,3.5,1.5,750,False,True,True,0,1,0.0,408.9214,5089.21,23.43,0.0,0.04055841,0.04055841,33,33,0,33,102,36.02,5065.7831283213,0.0,0.008248825672769293,0.0,0.002474647701830788
14,10,30,90,15,3.5,1.5,350,False,True,True,0,0,0.0,408.9214,5089.21,23.43,0.0,0.04055841,0.04055841,33,33,0,33,102,36.02,5065.7831283213,0.0,0.008248825672769293,0.0,0.002474647701830788
14,10,30,90,15,3.5,0.5,500,True,True,True,0,0,0.0,408.9214,5089.21,23.43,0.0,0.04055841,0.04055841,33,33,0,33,102,36.02,5065.7831283213,0.0,0.008248825672769293,0.0,0.002474647701830788
14,10,30,90,15,3.5,0.5,750,True,True,False,0,0,0.0,408.9214,5089.21,23.43,0.0,0.04055841,0.04055841,33,33,0,33,102,36.02,5065.7831283213,0.0,0.008248825672769293,0.0,0.002474647701830788
14,10,30,90,15,3.5,1.5,750,True,True,True,0,1,0.0,408.9214,5089.21,23.43,0.0,0.04055841,0.04055841,33,33,0,33,102,36.02,5065.7831283213,0.0,0.008248825672769293,0.0,0.002474647701830788
14,10,30,90,15,3.5,0.5,750,False,True,False,0,1,0.0,408.9214,5089.21,23.43,0.0,0.04055841,0.04055841,33,33,0,33,102,36.02,5065.7831283213,0.0,0.008248825672769293,0.0,0.002474647701830788
14,10,30,90,15,3.5,1.5,750,True,True,True,0,0,0.0,408.9214,5089.21,23.43,0.0,0.04055841,0.04055841,33,33,0,33,102,36.02,5065.7831283213,0.0,0.008248825672769293,0.0,0.002474647701830788
14,10,30,90,15,3.5,1.5,500,True,True,True,0,1,0.0,408.9214,5089.21,23.43,0.0,0.04055841,0.04055841,33,33,0,33,102,36.02,5065.7831283213,0.0,0.008248825672769293,0.0,0.002474647701830788
14,10,30,90,15,3.5,1.5,500,False,True,True,0,0,0.0,408.9214,5089.21,23.43,0.0,0.04055841,0.04055841,33,33,0,33,102,36.02,5065.7831283213,0.0,0.008248825672769293,0.0,0.002474647701830788
14,10,30,90,15,3.5,1.5,500,False,True,False,0,1,0.0,408.9214,5089.21,23.43,0.0,0.04055841,0.04055841,33,33,0,33,102,36.02,5065.7831283213,0.0,0.008248825672769293,0.0,0.002474647701830788
14,10,30,90,15,3.5,1.5,350,False,True,False,0,0,0.0,408.9214,5089.21,23.43,0.0,0.04055841,0.04055841,33,33,0,33,102,36.02,5065.7831283213,0.0,0.008248825672769293,0.0,0.002474647701830788
14,10,30,90,15,3.5,0.5,500,False,True,False,0,1,0.0,408.9214,5089.21,23.43,0.0,0.04055841,0.04055841,33,33,0,33,102,36.02,5065.7831283213,0.0,0.008248825672769293,0.0,0.002474647701830788
14,10,30,90,15,3.5,1.5,350,False,True,False,0,1,0.0,408.9214,5089.21,23.43,0.0,0.04055841,0.04055841,33,33,0,33,102,36.02,5065.7831283213,0.0,0.008248825672769293,0.0,0.002474647701830788
14,10,30,90,15,3.5,0.5,750,False,True,False,0,0,0.0,408.9214,5089.21,23.43,0.0,0.04055841,0.04055841,33,33,0,33,102,36.02,5065.7831283213,0.0,0.008248825672769293,0.0,0.002474647701830788
14,10,30,90,15,3.5,0.25,750,True,True,True,0,1,0.0,408.9214,5089.21,23.43,0.0,0.04055841,0.04055841,33,33,0,33,102,36.02,5065.7831283213,0.0,0.008248825672769293,0.0,0.002474647701830788
14,10,30,90,15,3.5,0.5,750,False,True,True,0,1,0.0,408.9214,5089.21,23.43,0.0,0.04055841,0.04055841,33,33,0,33,102,36.02,5065.7831283213,0.0,0.008248825672769293,0.0,0.002474647701830788
14,10,30,90,15,3.5,1.5,750,False,True,False,0,0,0.0,408.9214,5089.21,23.43,0.0,0.04055841,0.04055841,33,33,0,33,102,36.02,5065.7831283213,0.0,0.008248825672769293,0.0,0.002474647701830788
14,10,30,90,15,3.5,0.5,500,False,True,False,0,0,0.0,408.9214,5089.21,23.43,0.0,0.04055841,0.04055841,33,33,0,33,102,36.02,5065.7831283213,0.0,0.008248825672769293,0.0,0.002474647701830788
14,10,30,90,15,3.5,0.5,750,True,True,True,0,0,0.0,408.9214,5089.21,23.43,0.0,0.04055841,0.04055841,33,33,0,33,102,36.02,5065.7831283213,0.0,0.008248825672769293,0.0,0.002474647701830788
14,10,30,90,15,3.5,1.5,750,True,True,False,0,1,0.0,408.9214,5089.21,23.43,0.0,0.04055841,0.04055841,33,33,0,33,102,36.02,5065.7831283213,0.0,0.008248825672769293,0.0,0.002474647701830788
14,10,30,90,15,3.5,0.5,350,False,True,False,0,1,0.0,408.9214,5089.21,23.43,0.0,0.04055841,0.04055841,33,33,0,33,102,36.02,5065.7831283213,0.0,0.008248825672769293,0.0,0.002474647701830788
14,10,30,90,15,3.5,0.5,350,False,True,True,0,0,0.0,408.9214,5089.21,23.43,0.0,0.04055841,0.04055841,33,33,0,33,102,36.02,5065.7831283213,0.0,0.008248825672769293,0.0,0.002474647701830788
14,10,30,90,15,3.5,0.5,750,False,True,True,0,0,0.0,408.9214,5089.21,23.43,0.0,0.04055841,0.04055841,33,33,0,33,102,36.02,5065.7831283213,0.0,0.008248825672769293,0.0,0.002474647701830788
14,10,30,90,15,3.5,0.5,500,True,True,False,0,0,0.0,408.9214,5089.21,23.43,0.0,0.04055841,0.04055841,33,33,0,33,102,36.02,5065.7831283213,0.0,0.008248825672769293,0.0,0.002474647701830788
14,10,30,90,15,3.5,0.25,750,True,True,True,0,0,0.0,408.9214,5089.21,23.43,0.0,0.04055841,0.04055841,33,33,0,33,102,36.02,5065.7831283213,0.0,0.008248825672769293,0.0,0.002474647701830788
14,10,30,90,15,3.5,0.25,500,False,True,True,0,0,0.0,408.9214,5089.21,23.43,0.0,0.04055841,0.04055841,33,33,0,33,102,36.02,5065.7831283213,0.0,0.008248825672769293,0.0,0.002474647701830788
14,10,30,90,15,3.5,0.25,500,False,True,False,0,0,0.0,408.9214,5089.21,23.43,0.0,0.04055841,0.04055841,33,33,0,33,102,36.02,5065.7831283213,0.0,0.008248825672769293,0.0,0.002474647701830788
14,10,30,90,15,3.5,0.25,500,False,True,True,0,1,0.0,408.9214,5089.21,23.43,0.0,0.04055841,0.04055841,33,33,0,33,102,36.02,5065.7831283213,0.0,0.008248825672769293,0.0,0.002474647701830788
14,10,30,90,15,3.5,0.25,500,False,True,False,0,1,0.0,408.9214,5089.21,23.43,0.0,0.04055841,0.04055841,33,33,0,33,102,36.02,5065.7831283213,0.0,0.008248825672769293,0.0,0.002474647701830788
